horizon,target,model,rmse,qlike,mae,bias,corr,alpha,beta,t_alpha_eq_0,t_beta_eq_1,mz_joint_f,mz_joint_p,r2,rmse_vs_best,qlike_vs_best
5,target_rv,RV,0.11891107721121749,1.123473484686803,0.06740138824771852,0.0011819206877400961,0.4998771624028085,0.07145464980552593,0.5017733121465632,3.98625403145094,-3.114298804296224,8.02825123236375,0.0004200464268417223,0.2498771774918841,1.2729070150073976,2.3986532592157643
5,target_rv,ARCH,0.11104763421458654,0.6716956030428359,0.06677071511034927,0.011751217674245404,0.4448817366749805,0.042954038085545876,0.6501315533014453,1.5125571272513911,-1.6431942548591603,1.350314563513324,0.26108832839977164,0.19791975962694663,1.18873124276422,1.4340924546953149
5,target_rv,GARCH,0.11422551891725151,0.6906756965333845,0.06893009880668707,0.013378931501123044,0.4159932558466132,0.05056923548630343,0.5952320126900175,2.1187328036038893,-2.1499356526533,2.426917827074054,0.09043768796597998,0.1730503889098658,1.2227495346321986,1.4746155856208445
5,target_rv,IV,0.09341693918665885,0.46837677783162407,0.06573932789221168,0.03640269223152383,0.6945832622841148,-0.054807904292724995,1.1016800887305382,-2.04463371143534,0.5403684158265581,18.89846950625334,2.3406350913333105e-08,0.4824459082452436,1.0,1.0
5,target_rv,MEAN,0.12471405567405247,1.0184730299557085,0.08196469425235717,0.021072455784834826,-0.02671133662978215,0.16389294635379884,-0.11639652908951734,2.5387802711596144,-3.087957849622552,6.238079949288776,0.0022794207661840094,0.0007134955045495772,1.3350261393691998,2.174473795799154
5,target_iv,RV,0.10777070414025876,1.4107168025317087,0.07107619648737007,-0.03434678780394634,0.5219357158402046,0.13159481133352652,0.33295913705166413,15.297162689316057,-11.412056164931217,124.8756365393583,4.5035495666509026e-38,0.2724168914696269,1.576145078098465,9.621535746875228
5,target_iv,ARCH,0.08519431044678989,0.3780198814623075,0.047513981903679454,-0.02377749081744103,0.46040293792965636,0.11327971444406568,0.4275869197319465,9.00246011864248,-7.941576196157919,42.53365909449458,1.4217364234681644e-16,0.21197086525425912,1.2459656282652003,2.5782154121875047
5,target_iv,GARCH,0.08490307068579876,0.4065695036591617,0.048391936546472905,-0.022149776990563388,0.4715004402370448,0.1123987853052211,0.42875752076789864,10.296376833970657,-9.874629581258354,63.09494581087239,8.199040090404245e-23,0.22231266514372705,1.2417062507331085,2.7729328849175716
5,target_iv,IV,0.06837613214532152,0.14662075157698864,0.03780081300813008,0.0008739837398373988,0.5889042235533346,0.07268600150985886,0.5936158843302124,4.478889381163559,-3.8361897731935524,10.374402595773708,4.7403426750809895e-05,0.346808184518956,1.0,1.0
5,target_iv,MEAN,0.07943350538063854,0.31356870919914653,0.05516551704916703,0.009937006591832219,0.0019150288271075273,0.17888816388458761,0.006570219995568963,2.7343754590984064,-2.997308211039194,5.434047479055881,0.004909882904987664,3.6673354091298904e-06,1.1617139327480017,2.138637988323881
21,target_rv,RV,0.12162342770636687,0.6067006605148084,0.07932867338757531,0.0030761879956920724,0.3214167399598686,0.10690658701483277,0.3241850085222059,3.8774887176764703,-3.915244955314439,9.721489705998977,8.879878469935987e-05,0.10330872072642983,1.2187046573803617,1.2143925111349565
21,target_rv,ARCH,0.11020545436494354,0.7964473976739914,0.0706578752562121,0.0005343892276875103,0.167995614237165,0.10924003830747336,0.31476274749264144,2.8709085995209436,-7.505577583392641,42.3916088581728,2.2223888362159883e-16,0.028222526402922665,1.1042930053536446,1.5941959819650011
21,target_rv,GARCH,0.11639500704430088,0.7717051094225352,0.07446920620713646,0.0023353585779984465,0.1952342336792033,0.11547109894275723,0.272800194670778,3.194648684523364,-8.427476025155961,46.62776093121687,1.0558543625394944e-17,0.03811640600030586,1.1663142525729333,1.544670983038158
21,target_rv,IV,0.0997972945863682,0.4995918987904441,0.07923036490454852,0.03306610567698155,0.44503878226446925,-0.006354699076559849,0.8614056655237422,-0.16999321007359788,-0.6785346164902782,1.0413205015006182,0.3546608308921251,0.19805951771944175,1.0,1.0
21,target_rv,MEAN,0.12264462092522756,0.98149089167477,0.09379807787119143,0.020247505517772216,-0.45799637531123943,0.45608619501951575,-1.6475887503944806,2.792948112288159,-3.2872073585485952,14.263102298340478,1.4573192248866826e-06,0.20976067979823376,1.228937331753883,1.9645852826097576
21,target_iv,RV,0.11332079569741677,0.8735321044820291,0.08349508082203615,-0.028796439420419918,0.157083436758839,0.17805771897953054,0.08282901241988164,12.421327512098884,-14.144597185271445,115.0950842606494,2.7884008740720035e-35,0.02467520610396834,1.8080680158539582,6.123906803349356
21,target_iv,ARCH,0.0831406520665839,0.4071555356068784,0.05135040645226844,-0.03133823818842448,0.032874845898967574,0.18637873043639946,0.03220154893213097,10.339425651194436,-23.198659625343524,492.45665966910803,1.770024699251596e-83,0.0010807554928808916,1.326534577291707,2.854368536349094
21,target_iv,GARCH,0.0952419923903761,0.47376533206945143,0.06281447508740529,-0.02953726883811354,0.05236980832134432,0.18533994626522474,0.038255804654807074,10.41006767449678,-23.083592742234444,432.8170087230077,2.361366310549428e-78,0.0027425968236143294,1.5196151699027527,3.321337275830905
21,target_iv,IV,0.06558192188599592,0.14264294551384538,0.042835217391304345,0.0011934782608695647,0.2755467350096793,0.13779907336484126,0.27882569129032203,4.551373660389103,-4.018383091221167,10.738764604849482,3.4913151921755364e-05,0.0759260031744945,1.046379657418916,1.0
21,target_iv,MEAN,0.0626750734506494,0.19940129051295397,0.04611640044869887,0.004293765732468675,-0.3559524046035153,0.4247249426987595,-1.190758176190378,3.5741822679515494,-3.851639481561759,15.056046494605965,7.218058181075214e-07,0.1267021143430248,1.0,1.397905026390523
