decile,signal,iv,earnings_in_hold,stock,straddle,call_hedged,put_hedged,daily_hedged,sort
1,-0.008976408021156027,0.3911963714624149,0.3193170271527559,0.0055200771610271,0.031794063508019936,-0.0016439168581801385,0.0023945357512412868,0.014305142641610957,skew: OTM put IV - ATM call IV
2,0.010572909974548026,0.3555510924325105,0.32826122216108006,0.010996040108579795,0.03653328075157689,-0.0003330147825046583,0.003516702422710031,0.013947948791806846,skew: OTM put IV - ATM call IV
3,0.017334498723406918,0.329759849019966,0.3035671872313187,0.008828618852019866,0.029176028293382276,-0.0003973284664666004,0.0031170055732423147,0.009964148719540673,skew: OTM put IV - ATM call IV
4,0.022655930812871348,0.30478227916734285,0.29334035908843253,0.008749293086349814,0.0582155072322937,-0.00021978094966506944,0.0029853082373404757,0.013006953919448318,skew: OTM put IV - ATM call IV
5,0.028068705185928654,0.2929485140512385,0.2750942659022465,0.00920257235993143,0.048679503472605086,-0.0005922348545777418,0.0022289023415950956,0.012287847889283625,skew: OTM put IV - ATM call IV
6,0.03429966974854261,0.2859724616000567,0.28894101727696997,0.008660624433779802,0.0363789871986298,0.00006106891201747492,0.0023589334633845396,0.0008095044050497321,skew: OTM put IV - ATM call IV
7,0.042334071255916705,0.2852292196636458,0.2779543027125951,0.005902409812384716,0.03605322427481453,-0.0006634304768889252,0.000951534754248562,0.0025827501444726855,skew: OTM put IV - ATM call IV
8,0.05334311908160859,0.2810589548356805,0.28290494312807574,0.004831445492105852,0.0472690811157631,0.001714548640622291,0.0007062354379388154,0.017702970888971263,skew: OTM put IV - ATM call IV
9,0.06912664778621648,0.27176600212767443,0.29597221280226066,0.0026475652936366273,0.011016725788205608,0.0015997038711711906,-0.0021698130941149936,0.015017850711540388,skew: OTM put IV - ATM call IV
10,0.1095199380329904,0.2824356127921378,0.2644659905263901,0.0033236654888116226,0.034696447302056094,0.0062788307654007966,-0.0035196500924449567,0.025880646437988188,skew: OTM put IV - ATM call IV
1,-0.008132977588231284,0.37753993934113594,0.0,0.004073901649021709,0.04722737760847128,0.0000202337444532728,0.004372241602249659,0.02491364337064175,"skew, no earnings in hold"
2,0.01106627077828443,0.3450271141939587,0.0,0.010906904537626756,0.035057719595971745,-0.0005138487696883613,0.0031600360693676516,0.0063051657578073956,"skew, no earnings in hold"
3,0.018010425430645426,0.31346510500961017,0.0,0.008542661189693358,0.03138974523201381,-0.0014266036641957171,0.002454842123998528,0.011277894904631457,"skew, no earnings in hold"
4,0.02328553224337511,0.29542642618034287,0.0,0.006715306593098668,0.06157563838349141,-0.00022961952639579232,0.0033622006998152705,0.021951128794780186,"skew, no earnings in hold"
5,0.02849759879252835,0.2830991133774492,0.0,0.008696021974322253,0.078820271451824,0.002397870802527796,0.005406678512831182,0.004749720380827243,"skew, no earnings in hold"
6,0.03465382916903736,0.27629371411649845,0.0,0.006783094162968624,0.030309822088179696,-0.0012430461038553484,0.0011301344205849335,-0.0013889023368304305,"skew, no earnings in hold"
7,0.04283615662096751,0.2760278991887048,0.0,0.003508524552091748,0.027317780752419092,-0.0011816473473079954,0.00006287661532460704,-0.00029872382846657494,"skew, no earnings in hold"
8,0.05375246956229087,0.27601119000631746,0.0,0.004608737411838119,0.037208799108960536,0.0009554861860400671,0.0002342913393801949,0.018849384739024203,"skew, no earnings in hold"
9,0.0700670449323037,0.26406762730482086,0.0,0.001675223459023299,-0.01781435077121385,0.0000621327892075703,-0.003615242372006185,0.018158872533767214,"skew, no earnings in hold"
10,0.11153823589204913,0.27631243036257985,0.0,0.003838628542336947,0.039205758397083915,0.00611679266556138,-0.003140686793612019,0.03083343756313621,"skew, no earnings in hold"
1,-0.06814168218766341,0.41913412266383077,0.6289865177804219,0.008551499722170463,0.015239263934246133,-0.0017623968204476433,0.00037328967315653747,0.0013011893643561328,slope: 90d ATM IV - 30d ATM IV
2,-0.030466543889258773,0.3407772880542914,0.4828590652753111,0.007098240558311629,0.030316891514884876,0.00021555830597863094,0.0006916472665965123,0.014387614942001857,slope: 90d ATM IV - 30d ATM IV
3,-0.01766245907875587,0.3139194812644336,0.3661476544449642,0.0065127634215707084,0.02348573229392181,0.0007768464850844569,0.0009490138993874631,0.012837714473310384,slope: 90d ATM IV - 30d ATM IV
4,-0.00933785969185453,0.3007070526817109,0.32104632788446885,0.006014476988904465,0.02175630461124158,-0.0007222397726032434,-0.0006466520223513845,0.005294000764965391,slope: 90d ATM IV - 30d ATM IV
5,-0.0025644107152976276,0.2861829429154764,0.30407124603843405,0.007614757485007599,0.0455897176159445,0.0014260674537782967,0.0015967624557828252,0.017664714118692956,slope: 90d ATM IV - 30d ATM IV
6,0.003361585996693925,0.27946431688939016,0.2938886950823113,0.0068404615637026305,0.05111003183263118,0.0013803600580469637,0.0013473200946403187,0.012202811600793083,slope: 90d ATM IV - 30d ATM IV
7,0.009654316560841066,0.27188288293182605,0.2565014102048598,0.005834625444315976,0.055972773634580676,0.0009499981460514923,0.001273645161204075,0.014706663253549036,slope: 90d ATM IV - 30d ATM IV
8,0.01737516747639508,0.27212813650881085,0.16041196714930436,0.00563035061021407,0.0535026733864662,0.0013656103260061953,0.0022519987138900034,0.02064589968728111,slope: 90d ATM IV - 30d ATM IV
9,0.027346923181718136,0.27670205291147626,0.07171166288144161,0.00666783224556048,0.039427253017555765,0.0009717264904116131,0.0017253635687518255,0.008232416401688081,slope: 90d ATM IV - 30d ATM IV
10,0.05132272049626446,0.3067472778874255,0.02731745117318911,0.007657890178292244,0.025702578285154515,0.0006995781635951727,0.0024670253648387814,0.01194432414423597,slope: 90d ATM IV - 30d ATM IV
1,-0.051263543424495066,0.39016807529382835,0.0,0.002108332468466087,0.01841266393881836,-0.001368903849738391,-0.00042069004143838906,0.013228661628659077,"slope, no earnings in hold"
2,-0.017612543406735195,0.31522712859583396,0.0,0.006432633101939599,0.037037060262889845,0.0015937067456951426,0.0017549129223531827,0.006919467357199215,"slope, no earnings in hold"
3,-0.005733367502729739,0.3002211379502235,0.0,0.003785473706294673,0.006204830513998793,-0.0017689179274596638,-0.0011588120018805972,0.0021333798457724242,"slope, no earnings in hold"
4,0.002603337924003489,0.28543016842645,0.0,0.005579340546981312,0.03733731849622164,-0.000058544897401267365,0.00035097456428154623,0.01659506014052533,"slope, no earnings in hold"
5,0.008877456942911742,0.27121352227637846,0.0,0.006862656771414841,0.06605788026270336,0.0024043281999320404,0.0024674883003550333,0.022049368418857882,"slope, no earnings in hold"
6,0.014165706771764423,0.26816157661237516,0.0,0.0057258519064653625,0.02980244451252686,-0.00015186777759362732,0.0005651130403720193,0.008192583671581571,"slope, no earnings in hold"
7,0.019718758258631917,0.2681468425666881,0.0,0.006667157305219539,0.03782238222817167,-0.0001510507917215335,0.0006628648918386354,0.016961609367284042,"slope, no earnings in hold"
8,0.026532271338850735,0.2733501237881635,0.0,0.008664633765762047,0.03980913774283753,0.0010055546311396265,0.0023731870545628743,0.022762907257411404,"slope, no earnings in hold"
9,0.03570926584286918,0.2815831186049615,0.0,0.007118819271785972,0.05533625989918213,0.0017243289472521387,0.0029124158451967544,0.007091451987207568,"slope, no earnings in hold"
10,0.05856930417578757,0.31482932838698474,0.0,0.006750371988613249,0.032817536879381076,0.0009012705826162408,0.0027837971086707063,0.01741782282842603,"slope, no earnings in hold"
1,-0.15871081816637722,0.37640840926262537,0.6556476791192593,0.006913599434787771,0.012868942249260138,-0.0011994788201128382,0.00010637807308163706,-0.0004208523891767814,slope relative: (long - short) / short
2,-0.08184073239006004,0.3399157092365342,0.4828161763535084,0.009128594136921114,0.033549444433640954,0.0009139577170281812,0.0013823053563019113,0.01683353908486191,slope relative: (long - short) / short
3,-0.045984260010063525,0.3289428623341494,0.3717372074246758,0.004655471745366053,0.029251313348880138,-0.00024036606671919839,-0.00028004595219498354,0.01053559495032451,slope relative: (long - short) / short
4,-0.020086396503321405,0.3175545383442596,0.3155630991807149,0.007780439881723434,0.017949445344727546,-0.0012464121163329282,-0.0003316050542133815,0.009792591066234143,slope relative: (long - short) / short
5,0.0020749841466410827,0.30591191355073166,0.29340958667915684,0.007095035728388702,0.04887961500560449,0.0017064824023251056,0.002174123321807367,0.020167168704354702,slope relative: (long - short) / short
6,0.023505897866916543,0.297657637619439,0.29036941283019885,0.006550741711948004,0.04614584446243963,0.0008690221004876665,0.0009380648138729204,0.010644648535632621,slope relative: (long - short) / short
7,0.046624633662098514,0.2916737579683394,0.2500669230133265,0.009666167872777059,0.037189954879963794,0.0009745727467206325,0.0010332245839793203,0.015996618756456724,slope relative: (long - short) / short
8,0.07597528789578709,0.2779206596569767,0.15898045323159346,0.004684813851317172,0.07149674676360526,0.0024982798060617603,0.0032364858356669934,0.014115634461821128,slope relative: (long - short) / short
9,0.11549205873510994,0.26896407566422365,0.06687208558571324,0.004044066201729088,0.03959071451941111,0.00042356614578644444,0.001920553254137487,0.01402145549035548,slope relative: (long - short) / short
10,0.20233130439376387,0.26245660821264805,0.028049084204599672,0.007716510334983047,0.024223652606579833,0.0003990400349867346,0.0016154294269271926,0.007471636379809695,slope relative: (long - short) / short
