date,gross,net,costs,missing_marks
2017-01-03,0.0,0.0,0.0,0
2017-01-04,0.0,0.0,0.0,0
2017-01-05,0.0,0.0,0.0,0
2017-01-06,0.0,0.0,0.0,0
2017-01-09,0.0,0.0,0.0,0
2017-01-10,0.0,0.0,0.0,0
2017-01-11,0.0,0.0,0.0,0
2017-01-12,0.0,0.0,0.0,0
2017-01-13,0.0,0.0,0.0,0
2017-01-17,0.0,0.0,0.0,0
2017-01-18,0.0,0.0,0.0,0
2017-01-19,0.0,0.0,0.0,0
2017-01-20,0.0,0.0,0.0,0
2017-01-23,0.0,0.0,0.0,0
2017-01-24,0.0,0.0,0.0,0
2017-01-25,0.0,0.0,0.0,0
2017-01-26,0.0,0.0,0.0,0
2017-01-27,0.0,0.0,0.0,0
2017-01-30,0.0,0.0,0.0,0
2017-01-31,0.0,0.0,0.0,0
2017-02-01,0.0,0.0,0.0,0
2017-02-02,0.0,0.0,0.0,0
2017-02-03,0.0,0.0,0.0,0
2017-02-06,0.0,0.0,0.0,0
2017-02-07,0.0,0.0,0.0,0
2017-02-08,0.0,0.0,0.0,0
2017-02-09,0.0,0.0,0.0,0
2017-02-10,0.0,0.0,0.0,0
2017-02-13,0.0,0.0,0.0,0
2017-02-14,0.0,0.0,0.0,0
2017-02-15,0.0,0.0,0.0,0
2017-02-16,0.0,0.0,0.0,0
2017-02-17,0.0,0.0,0.0,0
2017-02-21,0.0,0.0,0.0,0
2017-02-22,0.0,0.0,0.0,0
2017-02-23,0.0,0.0,0.0,0
2017-02-24,0.0,0.0,0.0,0
2017-02-27,0.0,0.0,0.0,0
2017-02-28,0.0,0.0,0.0,0
2017-03-01,0.0,0.0,0.0,0
2017-03-02,0.0,0.0,0.0,0
2017-03-03,0.0,0.0,0.0,0
2017-03-06,0.0,0.0,0.0,0
2017-03-07,0.0,0.0,0.0,0
2017-03-08,0.0,0.0,0.0,0
2017-03-09,0.0,0.0,0.0,0
2017-03-10,0.0,0.0,0.0,0
2017-03-13,0.0,0.0,0.0,0
2017-03-14,0.0,0.0,0.0,0
2017-03-15,0.0,0.0,0.0,0
2017-03-16,0.0,0.0,0.0,0
2017-03-17,0.0,0.0,0.0,0
2017-03-20,0.0,0.0,0.0,0
2017-03-21,0.0,0.0,0.0,0
2017-03-22,0.0,0.0,0.0,0
2017-03-23,0.0,0.0,0.0,0
2017-03-24,0.0,0.0,0.0,0
2017-03-27,0.0,0.0,0.0,0
2017-03-28,0.0,0.0,0.0,0
2017-03-29,0.0,0.0,0.0,0
2017-03-30,0.0,0.0,0.0,0
2017-03-31,0.0,0.0,0.0,0
2017-04-03,0.0,0.0,0.0,0
2017-04-04,0.0,0.0,0.0,0
2017-04-05,0.0,0.0,0.0,0
2017-04-06,0.0,-52.0,52.0,0
2017-04-07,64.99999999999986,64.99999999999986,0.0,0
2017-04-10,-139.99999999999986,-139.99999999999986,0.0,0
2017-04-11,-70.00000000000028,-70.00000000000028,0.0,0
2017-04-12,210.00000000000014,210.00000000000014,0.0,0
2017-04-13,15.000000000000568,-66.9999999999995,82.00000000000007,0
2017-04-17,0.0,-76.99999999999983,76.99999999999983,0
2017-04-18,400.0,400.0,0.0,0
2017-04-19,59.99999999999943,59.99999999999943,0.0,0
2017-04-20,-119.99999999999957,-119.99999999999957,0.0,0
2017-04-21,-119.99999999999957,-119.99999999999957,0.0,0
2017-04-24,644.9999999999995,522.9999999999993,122.00000000000028,0
2017-04-25,0.0,-81.99999999999989,81.99999999999989,0
2017-04-26,119.99999999999957,119.99999999999957,0.0,0
2017-04-27,95.00000000000028,95.00000000000028,0.0,0
2017-04-28,244.99999999999957,244.99999999999957,0.0,0
2017-05-01,154.99999999999972,154.99999999999972,0.0,0
2017-05-02,-89.99999999999915,-166.99999999999932,77.00000000000017,0
2017-05-03,0.0,-82.00000000000026,82.00000000000026,0
2017-05-04,154.99999999999972,154.99999999999972,0.0,0
2017-05-05,-99.99999999999929,-99.99999999999929,0.0,0
2017-05-08,634.9999999999994,634.9999999999994,0.0,0
2017-05-09,10.000000000000142,10.000000000000142,0.0,0
2017-05-10,9.999999999999432,-42.00000000000057,52.0,0
2017-05-11,0.0,-72.00000000000011,72.00000000000011,0
2017-05-12,259.99999999999943,259.99999999999943,0.0,0
2017-05-15,320.0000000000003,320.0000000000003,0.0,0
2017-05-16,145.00000000000028,145.00000000000028,0.0,0
2017-05-17,-2080.0000000000005,-2080.0000000000005,0.0,0
2017-05-18,630.0000000000005,523.0000000000003,107.00000000000007,0
2017-05-19,0.0,-76.99999999999983,76.99999999999983,0
2017-05-22,130.00000000000043,130.00000000000043,0.0,0
2017-05-23,-180.00000000000043,-180.00000000000043,0.0,0
2017-05-24,54.999999999999716,54.999999999999716,0.0,0
2017-05-25,-714.9999999999991,-714.9999999999991,0.0,0
2017-05-26,14.999999999999858,-47.00000000000037,62.00000000000023,0
2017-05-30,0.0,-82.00000000000007,82.00000000000007,0
2017-05-31,10.000000000000142,10.000000000000142,0.0,0
2017-06-01,-310.0000000000001,-310.0000000000001,0.0,0
2017-06-02,-219.99999999999957,-219.99999999999957,0.0,0
2017-06-05,269.99999999999955,269.99999999999955,0.0,0
2017-06-06,125.0,57.99999999999997,67.00000000000003,0
2017-06-07,0.0,0.0,0.0,0
2017-06-08,0.0,0.0,0.0,0
2017-06-09,0.0,0.0,0.0,0
2017-06-12,0.0,0.0,0.0,0
2017-06-13,0.0,0.0,0.0,0
2017-06-14,0.0,0.0,0.0,0
2017-06-15,0.0,0.0,0.0,0
2017-06-16,0.0,0.0,0.0,0
2017-06-19,0.0,0.0,0.0,0
2017-06-20,0.0,0.0,0.0,0
2017-06-21,0.0,0.0,0.0,0
2017-06-22,0.0,0.0,0.0,0
2017-06-23,0.0,0.0,0.0,0
2017-06-26,0.0,0.0,0.0,0
2017-06-27,0.0,0.0,0.0,0
2017-06-28,0.0,0.0,0.0,0
2017-06-29,0.0,0.0,0.0,0
2017-06-30,0.0,0.0,0.0,0
2017-07-03,0.0,0.0,0.0,0
2017-07-05,0.0,0.0,0.0,0
2017-07-06,0.0,0.0,0.0,0
2017-07-07,0.0,0.0,0.0,0
2017-07-10,0.0,0.0,0.0,0
2017-07-11,0.0,0.0,0.0,0
2017-07-12,0.0,0.0,0.0,0
2017-07-13,0.0,0.0,0.0,0
2017-07-14,0.0,0.0,0.0,0
2017-07-17,0.0,-57.00000000000007,57.00000000000007,0
2017-07-18,35.00000000000014,35.00000000000014,0.0,0
2017-07-19,-350.0,-350.0,0.0,0
2017-07-20,129.99999999999972,129.99999999999972,0.0,0
2017-07-21,285.0000000000001,285.0000000000001,0.0,0
2017-07-24,250.0,193.0000000000001,56.99999999999989,0
2017-07-25,0.0,0.0,0.0,0
2017-07-26,0.0,-82.00000000000007,82.00000000000007,0
2017-07-27,-19.999999999999574,-19.999999999999574,0.0,0
2017-07-28,125.0,125.0,0.0,0
2017-07-31,0.0,0.0,0.0,1
2017-08-01,400.0,400.0,0.0,0
2017-08-02,69.99999999999993,12.999999999999943,56.999999999999986,0
2017-08-03,0.0,0.0,0.0,0
2017-08-04,0.0,0.0,0.0,0
2017-08-07,0.0,0.0,0.0,0
2017-08-08,0.0,0.0,0.0,0
2017-08-09,0.0,0.0,0.0,0
2017-08-10,0.0,0.0,0.0,0
2017-08-11,0.0,-97.00000000000011,97.00000000000011,0
2017-08-14,600.0,600.0,0.0,0
2017-08-15,214.99999999999986,214.99999999999986,0.0,0
2017-08-16,54.999999999999005,54.999999999999005,0.0,0
2017-08-17,115.00000000000057,115.00000000000057,0.0,0
2017-08-18,300.0,207.99999999999997,92.00000000000003,0
2017-08-21,0.0,-87.00000000000014,87.00000000000014,0
2017-08-22,-64.99999999999986,-64.99999999999986,0.0,0
2017-08-23,194.99999999999957,194.99999999999957,0.0,0
2017-08-24,225.0000000000007,225.0000000000007,0.0,0
2017-08-25,419.99999999999955,419.99999999999955,0.0,0
2017-08-28,250.0000000000007,188.0000000000009,61.99999999999979,0
2017-08-29,0.0,0.0,0.0,0
2017-08-30,0.0,0.0,0.0,0
2017-08-31,0.0,0.0,0.0,0
2017-09-01,0.0,0.0,0.0,0
2017-09-05,0.0,0.0,0.0,0
2017-09-06,0.0,0.0,0.0,0
2017-09-07,0.0,0.0,0.0,0
2017-09-08,0.0,0.0,0.0,0
2017-09-11,0.0,0.0,0.0,0
2017-09-12,0.0,0.0,0.0,0
2017-09-13,0.0,0.0,0.0,0
2017-09-14,0.0,0.0,0.0,0
2017-09-15,0.0,0.0,0.0,0
2017-09-18,0.0,-61.99999999999987,61.99999999999987,0
2017-09-19,-60.00000000000014,-60.00000000000014,0.0,0
2017-09-20,89.99999999999986,89.99999999999986,0.0,0
2017-09-21,270.0000000000003,270.0000000000003,0.0,0
2017-09-22,119.99999999999957,119.99999999999957,0.0,0
2017-09-25,85.00000000000014,28.00000000000007,57.00000000000007,0
2017-09-26,0.0,0.0,0.0,0
2017-09-27,0.0,0.0,0.0,0
2017-09-28,0.0,0.0,0.0,0
2017-09-29,0.0,0.0,0.0,0
2017-10-02,0.0,-61.999999999999964,61.999999999999964,0
2017-10-03,-270.0000000000003,-270.0000000000003,0.0,0
2017-10-04,35.00000000000085,35.00000000000085,0.0,0
2017-10-05,-745.0000000000002,-745.0000000000002,0.0,0
2017-10-06,295.0000000000003,295.0000000000003,0.0,0
2017-10-09,70.00000000000028,13.000000000000483,56.9999999999998,0
2017-10-10,0.0,0.0,0.0,0
2017-10-11,0.0,0.0,0.0,0
2017-10-12,0.0,0.0,0.0,0
2017-10-13,0.0,0.0,0.0,0
2017-10-16,0.0,-52.0,52.0,0
2017-10-17,-55.000000000000426,-55.000000000000426,0.0,0
2017-10-18,25.0,25.0,0.0,0
2017-10-19,-14.999999999999858,-14.999999999999858,0.0,0
2017-10-20,-625.0,-625.0,0.0,0
2017-10-23,229.99999999999972,167.99999999999966,62.00000000000006,0
2017-10-24,0.0,0.0,0.0,0
2017-10-25,0.0,0.0,0.0,0
2017-10-26,0.0,0.0,0.0,0
2017-10-27,0.0,0.0,0.0,0
2017-10-30,0.0,0.0,0.0,0
2017-10-31,0.0,0.0,0.0,0
2017-11-01,0.0,0.0,0.0,0
2017-11-02,0.0,0.0,0.0,0
2017-11-03,0.0,0.0,0.0,0
2017-11-06,0.0,0.0,0.0,0
2017-11-07,0.0,0.0,0.0,0
2017-11-08,0.0,0.0,0.0,0
2017-11-09,0.0,0.0,0.0,0
2017-11-10,0.0,0.0,0.0,0
2017-11-13,0.0,0.0,0.0,0
2017-11-14,0.0,0.0,0.0,0
2017-11-15,0.0,0.0,0.0,0
2017-11-16,0.0,-52.0,52.0,0
2017-11-17,660.0000000000001,660.0000000000001,0.0,0
2017-11-20,220.00000000000028,220.00000000000028,0.0,0
2017-11-21,-300.0,-300.0,0.0,0
2017-11-22,124.99999999999929,124.99999999999929,0.0,0
2017-11-24,-209.99999999999872,-256.99999999999875,47.000000000000014,0
2017-11-27,0.0,0.0,0.0,0
2017-11-28,0.0,0.0,0.0,0
2017-11-29,0.0,0.0,0.0,0
2017-11-30,0.0,-96.99999999999974,96.99999999999974,0
2017-12-01,-54.999999999999716,-54.999999999999716,0.0,0
2017-12-04,554.9999999999998,554.9999999999998,0.0,0
2017-12-05,635.0000000000001,635.0000000000001,0.0,0
2017-12-06,244.99999999999957,244.99999999999957,0.0,0
2017-12-07,30.000000000000426,-46.999999999999574,77.0,0
2017-12-08,0.0,0.0,0.0,0
2017-12-11,0.0,0.0,0.0,0
2017-12-12,0.0,0.0,0.0,0
2017-12-13,0.0,0.0,0.0,0
2017-12-14,0.0,0.0,0.0,0
2017-12-15,0.0,0.0,0.0,0
2017-12-18,0.0,0.0,0.0,0
2017-12-19,0.0,0.0,0.0,0
2017-12-20,0.0,0.0,0.0,0
2017-12-21,0.0,0.0,0.0,0
2017-12-22,0.0,0.0,0.0,0
2017-12-26,0.0,0.0,0.0,0
2017-12-27,0.0,0.0,0.0,0
2017-12-28,0.0,0.0,0.0,0
2017-12-29,0.0,0.0,0.0,0
2018-01-02,0.0,0.0,0.0,0
2018-01-03,0.0,0.0,0.0,0
2018-01-04,0.0,0.0,0.0,0
2018-01-05,0.0,0.0,0.0,0
2018-01-08,0.0,0.0,0.0,0
2018-01-09,0.0,0.0,0.0,0
2018-01-10,0.0,0.0,0.0,0
2018-01-11,0.0,0.0,0.0,0
2018-01-12,0.0,0.0,0.0,0
2018-01-16,0.0,0.0,0.0,0
2018-01-17,0.0,-96.99999999999974,96.99999999999974,0
2018-01-18,169.99999999999957,169.99999999999957,0.0,0
2018-01-19,-79.999999999999,-79.999999999999,0.0,0
2018-01-22,-1300.0,-1300.0,0.0,0
2018-01-23,-245.00000000000028,-245.00000000000028,0.0,0
2018-01-24,-200.0,-282.0,81.99999999999999,0
2018-01-25,0.0,-71.99999999999993,71.99999999999993,0
2018-01-26,-790.0000000000006,-790.0000000000006,0.0,0
2018-01-29,-300.0,-300.0,0.0,0
2018-01-30,260.00000000000085,260.00000000000085,0.0,0
2018-01-31,595.0000000000002,595.0000000000002,0.0,0
2018-02-01,114.99999999999915,22.999999999998934,92.00000000000021,0
2018-02-02,0.0,-142.00000000000057,142.00000000000057,0
2018-02-05,0.0,0.0,0.0,1
2018-02-06,-6909.999999999999,-6909.999999999999,0.0,0
2018-02-07,-250.00000000000284,-250.00000000000284,0.0,0
2018-02-08,-7262.499999999997,-7262.499999999997,0.0,0
2018-02-09,2634.9999999999995,2055.5000000000005,579.4999999999991,0
2018-02-12,0.0,0.0,0.0,0
2018-02-13,0.0,0.0,0.0,0
2018-02-14,0.0,0.0,0.0,0
2018-02-15,0.0,0.0,0.0,0
2018-02-16,0.0,0.0,0.0,0
2018-02-20,0.0,0.0,0.0,0
2018-02-21,0.0,0.0,0.0,0
2018-02-22,0.0,0.0,0.0,0
2018-02-23,0.0,0.0,0.0,0
2018-02-26,0.0,0.0,0.0,0
2018-02-27,0.0,0.0,0.0,0
2018-02-28,0.0,0.0,0.0,0
2018-03-01,0.0,0.0,0.0,0
2018-03-02,0.0,0.0,0.0,0
2018-03-05,0.0,0.0,0.0,0
2018-03-06,0.0,0.0,0.0,0
2018-03-07,0.0,0.0,0.0,0
2018-03-08,0.0,0.0,0.0,0
2018-03-09,0.0,0.0,0.0,0
2018-03-12,0.0,0.0,0.0,0
2018-03-13,0.0,0.0,0.0,0
2018-03-14,0.0,0.0,0.0,0
2018-03-15,0.0,0.0,0.0,0
2018-03-16,0.0,0.0,0.0,0
2018-03-19,0.0,0.0,0.0,0
2018-03-20,0.0,0.0,0.0,0
2018-03-21,0.0,0.0,0.0,0
2018-03-22,0.0,0.0,0.0,0
2018-03-23,0.0,0.0,0.0,0
2018-03-26,0.0,0.0,0.0,0
2018-03-27,0.0,0.0,0.0,0
2018-03-28,0.0,0.0,0.0,0
2018-03-29,0.0,0.0,0.0,0
2018-04-02,0.0,0.0,0.0,0
2018-04-03,0.0,0.0,0.0,0
2018-04-04,0.0,0.0,0.0,0
2018-04-05,0.0,0.0,0.0,0
2018-04-06,0.0,0.0,0.0,0
2018-04-09,0.0,0.0,0.0,0
2018-04-10,0.0,0.0,0.0,0
2018-04-11,0.0,0.0,0.0,0
2018-04-12,0.0,0.0,0.0,0
2018-04-13,0.0,0.0,0.0,0
2018-04-16,0.0,0.0,0.0,0
2018-04-17,0.0,0.0,0.0,0
2018-04-18,0.0,0.0,0.0,0
2018-04-19,0.0,0.0,0.0,0
2018-04-20,0.0,0.0,0.0,0
2018-04-23,0.0,0.0,0.0,0
2018-04-24,0.0,0.0,0.0,0
2018-04-25,0.0,0.0,0.0,0
2018-04-26,0.0,0.0,0.0,0
2018-04-27,0.0,0.0,0.0,0
2018-04-30,0.0,0.0,0.0,0
2018-05-01,0.0,0.0,0.0,0
2018-05-02,0.0,0.0,0.0,0
2018-05-03,0.0,0.0,0.0,0
2018-05-04,0.0,0.0,0.0,0
2018-05-07,0.0,0.0,0.0,0
2018-05-08,0.0,0.0,0.0,0
2018-05-09,0.0,0.0,0.0,0
2018-05-10,0.0,0.0,0.0,0
2018-05-11,0.0,0.0,0.0,0
2018-05-14,0.0,0.0,0.0,0
2018-05-15,0.0,0.0,0.0,0
2018-05-16,0.0,0.0,0.0,0
2018-05-17,0.0,0.0,0.0,0
2018-05-18,0.0,0.0,0.0,0
2018-05-21,0.0,0.0,0.0,0
2018-05-22,0.0,0.0,0.0,0
2018-05-23,0.0,0.0,0.0,0
2018-05-24,0.0,0.0,0.0,0
2018-05-25,0.0,0.0,0.0,0
2018-05-29,0.0,0.0,0.0,0
2018-05-30,0.0,0.0,0.0,0
2018-05-31,0.0,0.0,0.0,0
2018-06-01,0.0,0.0,0.0,0
2018-06-04,0.0,0.0,0.0,0
2018-06-05,0.0,0.0,0.0,0
2018-06-06,0.0,0.0,0.0,0
2018-06-07,0.0,0.0,0.0,0
2018-06-08,0.0,0.0,0.0,0
2018-06-11,0.0,0.0,0.0,0
2018-06-12,0.0,0.0,0.0,0
2018-06-13,0.0,0.0,0.0,0
2018-06-14,0.0,0.0,0.0,0
2018-06-15,0.0,0.0,0.0,0
2018-06-18,0.0,0.0,0.0,0
2018-06-19,0.0,0.0,0.0,0
2018-06-20,0.0,0.0,0.0,0
2018-06-21,0.0,0.0,0.0,0
2018-06-22,0.0,0.0,0.0,0
2018-06-25,0.0,0.0,0.0,0
2018-06-26,0.0,0.0,0.0,0
2018-06-27,0.0,0.0,0.0,0
2018-06-28,0.0,0.0,0.0,0
2018-06-29,0.0,0.0,0.0,0
2018-07-02,0.0,0.0,0.0,0
2018-07-03,0.0,0.0,0.0,0
2018-07-05,0.0,0.0,0.0,0
2018-07-06,0.0,0.0,0.0,0
2018-07-09,0.0,0.0,0.0,0
2018-07-10,0.0,0.0,0.0,0
2018-07-11,0.0,0.0,0.0,0
2018-07-12,0.0,0.0,0.0,0
2018-07-13,0.0,0.0,0.0,0
2018-07-16,0.0,0.0,0.0,0
2018-07-17,0.0,0.0,0.0,0
2018-07-18,0.0,0.0,0.0,0
2018-07-19,0.0,0.0,0.0,0
2018-07-20,0.0,0.0,0.0,0
2018-07-23,0.0,0.0,0.0,0
2018-07-24,0.0,0.0,0.0,0
2018-07-25,0.0,0.0,0.0,0
2018-07-26,0.0,0.0,0.0,0
2018-07-27,0.0,0.0,0.0,0
2018-07-30,0.0,0.0,0.0,0
2018-07-31,0.0,0.0,0.0,0
2018-08-01,0.0,0.0,0.0,0
2018-08-02,0.0,0.0,0.0,0
2018-08-03,0.0,0.0,0.0,0
2018-08-06,0.0,0.0,0.0,0
2018-08-07,0.0,0.0,0.0,0
2018-08-08,0.0,0.0,0.0,0
2018-08-09,0.0,0.0,0.0,0
2018-08-10,0.0,0.0,0.0,0
2018-08-13,0.0,0.0,0.0,0
2018-08-14,0.0,0.0,0.0,0
2018-08-15,0.0,0.0,0.0,0
2018-08-16,0.0,0.0,0.0,0
2018-08-17,0.0,0.0,0.0,0
2018-08-20,0.0,0.0,0.0,0
2018-08-21,0.0,0.0,0.0,0
2018-08-22,0.0,0.0,0.0,0
2018-08-23,0.0,0.0,0.0,0
2018-08-24,0.0,0.0,0.0,0
2018-08-27,0.0,0.0,0.0,0
2018-08-28,0.0,0.0,0.0,0
2018-08-29,0.0,0.0,0.0,0
2018-08-30,0.0,0.0,0.0,0
2018-08-31,0.0,0.0,0.0,0
2018-09-04,0.0,0.0,0.0,0
2018-09-05,0.0,0.0,0.0,0
2018-09-06,0.0,0.0,0.0,0
2018-09-07,0.0,0.0,0.0,0
2018-09-10,0.0,0.0,0.0,0
2018-09-11,0.0,0.0,0.0,0
2018-09-12,0.0,0.0,0.0,0
2018-09-13,0.0,0.0,0.0,0
2018-09-14,0.0,0.0,0.0,0
2018-09-17,0.0,0.0,0.0,0
2018-09-18,0.0,0.0,0.0,0
2018-09-19,0.0,0.0,0.0,0
2018-09-20,0.0,0.0,0.0,0
2018-09-21,0.0,0.0,0.0,0
2018-09-24,0.0,0.0,0.0,0
2018-09-25,0.0,0.0,0.0,0
2018-09-26,0.0,0.0,0.0,0
2018-09-27,0.0,0.0,0.0,0
2018-09-28,0.0,0.0,0.0,0
2018-10-01,0.0,0.0,0.0,0
2018-10-02,0.0,0.0,0.0,0
2018-10-03,0.0,0.0,0.0,0
2018-10-04,0.0,0.0,0.0,0
2018-10-05,0.0,-116.99999999999986,116.99999999999986,0
2018-10-08,230.00000000000114,230.00000000000114,0.0,0
2018-10-09,75.0,75.0,0.0,0
2018-10-10,-6300.0,-6300.0,0.0,0
2018-10-11,-3305.000000000004,-3305.000000000004,0.0,0
2018-10-12,2577.5000000000036,2353.000000000004,224.49999999999943,0
2018-10-15,0.0,-132.00000000000006,132.00000000000006,0
2018-10-16,-245.0000000000017,-245.0000000000017,0.0,0
2018-10-17,320.0000000000003,320.0000000000003,0.0,0
2018-10-18,550.0000000000014,550.0000000000014,0.0,0
2018-10-19,234.99999999999943,234.99999999999943,0.0,0
2018-10-22,825.0,737.9999999999999,87.00000000000014,0
2018-10-23,0.0,-142.00000000000023,142.00000000000023,0
2018-10-24,-2939.999999999999,-2939.999999999999,0.0,0
2018-10-25,779.9999999999983,779.9999999999983,0.0,0
2018-10-26,-329.9999999999983,-329.9999999999983,0.0,0
2018-10-29,-1260.0000000000023,-1260.0000000000023,0.0,0
2018-10-30,2280.000000000001,2118.0000000000014,161.99999999999943,0
2018-10-31,0.0,0.0,0.0,0
2018-11-01,0.0,0.0,0.0,0
2018-11-02,0.0,0.0,0.0,0
2018-11-05,0.0,0.0,0.0,0
2018-11-06,0.0,0.0,0.0,0
2018-11-07,0.0,0.0,0.0,0
2018-11-08,0.0,0.0,0.0,0
2018-11-09,0.0,0.0,0.0,0
2018-11-12,0.0,0.0,0.0,0
2018-11-13,0.0,0.0,0.0,0
2018-11-14,0.0,0.0,0.0,0
2018-11-15,0.0,0.0,0.0,0
2018-11-16,0.0,0.0,0.0,0
2018-11-19,0.0,0.0,0.0,0
2018-11-20,0.0,0.0,0.0,0
2018-11-21,0.0,0.0,0.0,0
2018-11-23,0.0,0.0,0.0,0
2018-11-26,0.0,0.0,0.0,0
2018-11-27,0.0,0.0,0.0,0
2018-11-28,0.0,0.0,0.0,0
2018-11-29,0.0,0.0,0.0,0
2018-11-30,0.0,0.0,0.0,0
2018-12-03,0.0,0.0,0.0,0
2018-12-04,0.0,0.0,0.0,0
2018-12-06,0.0,0.0,0.0,0
2018-12-07,0.0,0.0,0.0,0
2018-12-10,0.0,0.0,0.0,0
2018-12-11,0.0,0.0,0.0,0
2018-12-12,0.0,0.0,0.0,0
2018-12-13,0.0,0.0,0.0,0
2018-12-14,0.0,0.0,0.0,0
2018-12-17,0.0,0.0,0.0,0
2018-12-18,0.0,0.0,0.0,0
2018-12-19,0.0,0.0,0.0,0
2018-12-20,0.0,0.0,0.0,0
2018-12-21,0.0,0.0,0.0,0
2018-12-24,0.0,0.0,0.0,0
2018-12-26,0.0,0.0,0.0,0
2018-12-27,0.0,0.0,0.0,0
2018-12-28,0.0,0.0,0.0,0
2018-12-31,0.0,0.0,0.0,0
2019-01-02,0.0,0.0,0.0,0
2019-01-03,0.0,0.0,0.0,0
2019-01-04,0.0,0.0,0.0,0
2019-01-07,0.0,0.0,0.0,0
2019-01-08,0.0,0.0,0.0,0
2019-01-09,0.0,0.0,0.0,0
2019-01-10,0.0,0.0,0.0,0
2019-01-11,0.0,0.0,0.0,0
2019-01-14,0.0,0.0,0.0,0
2019-01-15,0.0,0.0,0.0,0
2019-01-16,0.0,0.0,0.0,0
2019-01-17,0.0,0.0,0.0,0
2019-01-18,0.0,0.0,0.0,0
2019-01-22,0.0,0.0,0.0,0
2019-01-23,0.0,0.0,0.0,0
2019-01-24,0.0,0.0,0.0,0
2019-01-25,0.0,0.0,0.0,0
2019-01-28,0.0,0.0,0.0,0
2019-01-29,0.0,0.0,0.0,0
2019-01-30,0.0,0.0,0.0,0
2019-01-31,0.0,0.0,0.0,0
2019-02-01,0.0,-57.00000000000007,57.00000000000007,0
2019-02-04,359.99999999999943,359.99999999999943,0.0,0
2019-02-05,-289.99999999999915,-289.99999999999915,0.0,0
2019-02-06,364.99999999999915,364.99999999999915,0.0,0
2019-02-07,470.0000000000003,470.0000000000003,0.0,0
2019-02-08,370.0000000000003,318.0000000000003,52.0,0
2019-02-11,0.0,-62.00000000000014,62.00000000000014,0
2019-02-12,-599.9999999999986,-599.9999999999986,0.0,0
2019-02-13,-240.00000000000057,-240.00000000000057,0.0,0
2019-02-14,179.99999999999972,179.99999999999972,0.0,0
2019-02-15,-1124.9999999999986,-1124.9999999999986,0.0,0
2019-02-19,334.999999999998,222.99999999999778,112.00000000000023,0
2019-02-20,0.0,-62.00000000000014,62.00000000000014,0
2019-02-21,100.0,100.0,0.0,0
2019-02-22,334.99999999999943,334.99999999999943,0.0,0
2019-02-25,-220.00000000000028,-220.00000000000028,0.0,0
2019-02-26,160.00000000000227,160.00000000000227,0.0,0
2019-02-27,294.99999999999886,232.99999999999872,62.00000000000014,0
2019-02-28,0.0,-11.999999999999787,11.999999999999787,0
2019-03-01,305.00000000000114,305.00000000000114,0.0,0
2019-03-04,109.99999999999943,109.99999999999943,0.0,0
2019-03-05,145.00000000000028,145.00000000000028,0.0,0
2019-03-06,-159.99999999999943,-159.99999999999943,0.0,0
2019-03-07,-375.0,-432.00000000000006,57.00000000000007,0
2019-03-08,0.0,0.0,0.0,0
2019-03-11,0.0,0.0,0.0,0
2019-03-12,0.0,-61.999999999999964,61.999999999999964,0
2019-03-13,-500.0,-500.0,0.0,0
2019-03-14,330.00000000000114,330.00000000000114,0.0,0
2019-03-15,-400.0,-400.0,0.0,0
2019-03-18,-500.0,-500.0,0.0,0
2019-03-19,120.00000000000028,8.000000000000497,111.99999999999979,0
2019-03-20,0.0,0.0,0.0,0
2019-03-21,0.0,0.0,0.0,0
2019-03-22,0.0,0.0,0.0,0
2019-03-25,0.0,0.0,0.0,0
2019-03-26,0.0,0.0,0.0,0
2019-03-27,0.0,0.0,0.0,0
2019-03-28,0.0,0.0,0.0,0
2019-03-29,0.0,0.0,0.0,0
2019-04-01,0.0,-61.999999999999964,61.999999999999964,0
2019-04-02,404.9999999999983,404.9999999999983,0.0,0
2019-04-03,-600.0,-600.0,0.0,0
2019-04-04,125.0,125.0,0.0,0
2019-04-05,-189.99999999999915,-189.99999999999915,0.0,0
2019-04-08,150.0,97.99999999999991,52.000000000000085,0
2019-04-09,0.0,0.0,0.0,0
2019-04-10,0.0,0.0,0.0,0
2019-04-11,0.0,-46.99999999999993,46.99999999999993,0
2019-04-12,-79.99999999999972,-79.99999999999972,0.0,0
2019-04-15,375.0,375.0,0.0,0
2019-04-16,70.00000000000028,70.00000000000028,0.0,0
2019-04-17,275.0,275.0,0.0,0
2019-04-18,89.99999999999986,42.99999999999975,47.00000000000011,0
2019-04-22,0.0,-42.00000000000039,42.00000000000039,0
2019-04-23,-789.9999999999991,-789.9999999999991,0.0,0
2019-04-24,9.999999999999432,9.999999999999432,0.0,0
2019-04-25,400.0,400.0,0.0,0
2019-04-26,-340.00000000000057,-340.00000000000057,0.0,0
2019-04-29,130.00000000000114,88.0000000000012,41.99999999999994,0
2019-04-30,0.0,-82.00000000000026,82.00000000000026,0
2019-05-01,-509.99999999999943,-509.99999999999943,0.0,0
2019-05-02,245.00000000000028,245.00000000000028,0.0,0
2019-05-03,695.0000000000002,695.0000000000002,0.0,0
2019-05-06,-640.0000000000006,-640.0000000000006,0.0,0
2019-05-07,-2364.999999999999,-2471.9999999999986,106.99999999999972,0
2019-05-08,0.0,0.0,0.0,0
2019-05-09,0.0,-142.00000000000023,142.00000000000023,0
2019-05-10,1659.9999999999995,1659.9999999999995,0.0,0
2019-05-13,-1945.0000000000002,-1945.0000000000002,0.0,0
2019-05-14,2019.9999999999989,2019.9999999999989,0.0,0
2019-05-15,960.0000000000009,960.0000000000009,0.0,0
2019-05-16,595.0000000000002,533.0000000000001,62.00000000000014,0
2019-05-17,0.0,0.0,0.0,0
2019-05-20,0.0,0.0,0.0,0
2019-05-21,0.0,0.0,0.0,0
2019-05-22,0.0,0.0,0.0,0
2019-05-23,0.0,0.0,0.0,0
2019-05-24,0.0,-52.0,52.0,0
2019-05-28,280.00000000000114,280.00000000000114,0.0,0
2019-05-29,-145.00000000000028,-145.00000000000028,0.0,0
2019-05-30,695.0000000000002,695.0000000000002,0.0,0
2019-05-31,-1315.0000000000005,-1315.0000000000005,0.0,0
2019-06-03,230.00000000000114,93.000000000001,137.00000000000014,0
2019-06-04,0.0,0.0,0.0,0
2019-06-05,0.0,-226.99999999999966,226.99999999999966,0
2019-06-06,-420.0000000000017,-420.0000000000017,0.0,0
2019-06-07,-1570.0000000000002,-1570.0000000000002,0.0,0
2019-06-10,-359.99999999999943,-359.99999999999943,0.0,0
2019-06-11,204.99999999999972,204.99999999999972,0.0,0
2019-06-12,500.0000000000014,388.00000000000165,111.99999999999979,0
2019-06-13,0.0,0.0,0.0,0
2019-06-14,0.0,0.0,0.0,0
2019-06-17,0.0,0.0,0.0,0
2019-06-18,0.0,0.0,0.0,0
2019-06-19,0.0,0.0,0.0,0
2019-06-20,0.0,0.0,0.0,0
2019-06-21,0.0,0.0,0.0,0
2019-06-24,0.0,0.0,0.0,0
2019-06-25,0.0,0.0,0.0,0
2019-06-26,0.0,0.0,0.0,0
2019-06-27,0.0,0.0,0.0,0
2019-06-28,0.0,0.0,0.0,0
2019-07-01,0.0,0.0,0.0,0
2019-07-02,0.0,0.0,0.0,0
2019-07-03,0.0,-47.00000000000011,47.00000000000011,0
2019-07-05,380.00000000000114,380.00000000000114,0.0,0
2019-07-08,279.9999999999997,279.9999999999997,0.0,0
2019-07-09,-110.00000000000085,-110.00000000000085,0.0,0
2019-07-10,300.0,300.0,0.0,0
2019-07-11,-89.99999999999915,-146.99999999999886,56.999999999999716,0
2019-07-12,0.0,-57.00000000000007,57.00000000000007,0
2019-07-15,275.0,275.0,0.0,0
2019-07-16,355.00000000000114,355.00000000000114,0.0,0
2019-07-17,-220.00000000000028,-220.00000000000028,0.0,0
2019-07-18,179.99999999999972,179.99999999999972,0.0,0
2019-07-19,-95.00000000000028,-147.00000000000028,52.0,0
2019-07-22,0.0,0.0,0.0,0
2019-07-23,0.0,0.0,0.0,0
2019-07-24,0.0,0.0,0.0,0
2019-07-25,0.0,-62.00000000000014,62.00000000000014,0
2019-07-26,259.99999999999943,259.99999999999943,0.0,0
2019-07-29,240.00000000000057,240.00000000000057,0.0,0
2019-07-30,-490.00000000000057,-490.00000000000057,0.0,0
2019-07-31,-799.9999999999986,-799.9999999999986,0.0,0
2019-08-01,-1545.0000000000018,-1772.0000000000018,227.0,0
2019-08-02,0.0,0.0,0.0,0
2019-08-05,0.0,-202.0,202.0,0
2019-08-06,3635.000000000001,3635.000000000001,0.0,0
2019-08-07,520.0000000000017,520.0000000000017,0.0,0
2019-08-08,1104.9999999999998,1104.9999999999998,0.0,0
2019-08-09,59.99999999999943,59.99999999999943,0.0,0
2019-08-12,-1055.0000000000011,-1112.0000000000016,57.000000000000426,0
2019-08-13,0.0,-97.00000000000028,97.00000000000028,0
2019-08-14,-784.9999999999994,-784.9999999999994,0.0,0
2019-08-15,654.9999999999998,654.9999999999998,0.0,0
2019-08-16,1465.0000000000005,1465.0000000000005,0.0,0
2019-08-19,520.0000000000002,520.0000000000002,0.0,0
2019-08-20,629.9999999999998,547.9999999999993,82.00000000000043,0
2019-08-21,0.0,0.0,0.0,0
2019-08-22,0.0,0.0,0.0,0
2019-08-23,0.0,0.0,0.0,0
2019-08-26,0.0,-86.99999999999979,86.99999999999979,0
2019-08-27,-15.000000000000568,-15.000000000000568,0.0,0
2019-08-28,410.00000000000085,410.00000000000085,0.0,0
2019-08-29,-409.99999999999943,-409.99999999999943,0.0,0
2019-08-30,-160.00000000000085,-160.00000000000085,0.0,0
2019-09-03,1220.0000000000002,1137.9999999999998,82.00000000000043,0
2019-09-04,0.0,-67.00000000000021,67.00000000000021,0
2019-09-05,-709.999999999998,-709.999999999998,0.0,0
2019-09-06,254.9999999999983,254.9999999999983,0.0,0
2019-09-09,509.99999999999943,509.99999999999943,0.0,0
2019-09-10,160.00000000000085,160.00000000000085,0.0,0
2019-09-11,-1304.9999999999982,-1441.9999999999982,136.9999999999999,0
2019-09-12,0.0,0.0,0.0,0
2019-09-13,0.0,0.0,0.0,0
2019-09-16,0.0,0.0,0.0,0
2019-09-17,0.0,0.0,0.0,0
2019-09-18,0.0,0.0,0.0,0
2019-09-19,0.0,0.0,0.0,0
2019-09-20,0.0,0.0,0.0,0
2019-09-23,0.0,0.0,0.0,0
2019-09-24,0.0,0.0,0.0,0
2019-09-25,0.0,0.0,0.0,0
2019-09-26,0.0,0.0,0.0,0
2019-09-27,0.0,0.0,0.0,0
2019-09-30,0.0,0.0,0.0,0
2019-10-01,0.0,0.0,0.0,0
2019-10-02,0.0,-166.99999999999986,166.99999999999986,0
2019-10-03,1075.0000000000014,1075.0000000000014,0.0,0
2019-10-04,784.999999999998,784.999999999998,0.0,0
2019-10-07,450.0,450.0,0.0,0
2019-10-08,-829.9999999999983,-829.9999999999983,0.0,0
2019-10-09,979.9999999999998,823.0,156.99999999999972,0
2019-10-10,0.0,0.0,0.0,0
2019-10-11,0.0,0.0,0.0,0
2019-10-14,0.0,0.0,0.0,0
2019-10-15,0.0,0.0,0.0,0
2019-10-16,0.0,0.0,0.0,0
2019-10-17,0.0,0.0,0.0,0
2019-10-18,0.0,0.0,0.0,0
2019-10-21,0.0,0.0,0.0,0
2019-10-22,0.0,0.0,0.0,0
2019-10-23,0.0,0.0,0.0,0
2019-10-24,0.0,0.0,0.0,0
2019-10-25,0.0,0.0,0.0,0
2019-10-28,0.0,0.0,0.0,0
2019-10-29,0.0,0.0,0.0,0
2019-10-30,0.0,0.0,0.0,0
2019-10-31,0.0,0.0,0.0,0
2019-11-01,0.0,0.0,0.0,0
2019-11-04,0.0,0.0,0.0,0
2019-11-05,0.0,0.0,0.0,0
2019-11-06,0.0,0.0,0.0,0
2019-11-07,0.0,0.0,0.0,0
2019-11-08,0.0,0.0,0.0,0
2019-11-11,0.0,0.0,0.0,0
2019-11-12,0.0,0.0,0.0,0
2019-11-13,0.0,0.0,0.0,0
2019-11-14,0.0,0.0,0.0,0
2019-11-15,0.0,0.0,0.0,0
2019-11-18,0.0,0.0,0.0,0
2019-11-19,0.0,0.0,0.0,0
2019-11-20,0.0,0.0,0.0,0
2019-11-21,0.0,0.0,0.0,0
2019-11-22,0.0,0.0,0.0,0
2019-11-25,0.0,0.0,0.0,0
2019-11-26,0.0,0.0,0.0,0
2019-11-27,0.0,0.0,0.0,0
2019-11-29,0.0,0.0,0.0,0
2019-12-02,0.0,0.0,0.0,0
2019-12-03,0.0,0.0,0.0,0
2019-12-04,0.0,0.0,0.0,0
2019-12-05,0.0,0.0,0.0,0
2019-12-06,0.0,0.0,0.0,0
2019-12-09,0.0,0.0,0.0,0
2019-12-10,0.0,0.0,0.0,0
2019-12-11,0.0,0.0,0.0,0
2019-12-12,0.0,0.0,0.0,0
2019-12-13,0.0,0.0,0.0,0
2019-12-16,0.0,0.0,0.0,0
2019-12-17,0.0,0.0,0.0,0
2019-12-18,0.0,0.0,0.0,0
2019-12-19,0.0,0.0,0.0,0
2019-12-20,0.0,0.0,0.0,0
2019-12-23,0.0,0.0,0.0,0
2019-12-24,0.0,0.0,0.0,0
2019-12-26,0.0,0.0,0.0,0
2019-12-27,0.0,0.0,0.0,0
2019-12-30,0.0,0.0,0.0,0
2019-12-31,0.0,0.0,0.0,0
2020-01-02,0.0,0.0,0.0,0
2020-01-03,0.0,0.0,0.0,0
2020-01-06,0.0,0.0,0.0,0
2020-01-07,0.0,0.0,0.0,0
2020-01-08,0.0,0.0,0.0,0
2020-01-09,0.0,0.0,0.0,0
2020-01-10,0.0,0.0,0.0,0
2020-01-13,0.0,0.0,0.0,0
2020-01-14,0.0,0.0,0.0,0
2020-01-15,0.0,0.0,0.0,0
2020-01-16,0.0,0.0,0.0,0
2020-01-17,0.0,0.0,0.0,0
2020-01-21,0.0,0.0,0.0,0
2020-01-22,0.0,0.0,0.0,0
2020-01-23,0.0,0.0,0.0,0
2020-01-24,0.0,0.0,0.0,0
2020-01-27,0.0,0.0,0.0,0
2020-01-28,0.0,-87.00000000000014,87.00000000000014,0
2020-01-29,325.0,325.0,0.0,0
2020-01-30,25.00000000000142,25.00000000000142,0.0,0
2020-01-31,314.9999999999977,314.9999999999977,0.0,0
2020-02-03,730.0000000000011,730.0000000000011,0.0,0
2020-02-04,-475.0,-541.9999999999999,66.99999999999986,0
2020-02-05,0.0,-82.00000000000007,82.00000000000007,0
2020-02-06,-79.99999999999972,-79.99999999999972,0.0,0
2020-02-07,564.9999999999991,564.9999999999991,0.0,0
2020-02-10,-529.9999999999983,-529.9999999999983,0.0,0
2020-02-11,-105.00000000000114,-105.00000000000114,0.0,0
2020-02-12,-484.99999999999943,-601.9999999999991,116.99999999999969,0
2020-02-13,0.0,0.0,0.0,0
2020-02-14,0.0,0.0,0.0,0
2020-02-18,0.0,0.0,0.0,0
2020-02-19,0.0,0.0,0.0,0
2020-02-20,0.0,0.0,0.0,0
2020-02-21,0.0,0.0,0.0,0
2020-02-24,0.0,-402.0,402.0,0
2020-02-25,-6664.999999999998,-6664.999999999998,0.0,0
2020-02-26,-2020.0000000000018,-2020.0000000000018,0.0,0
2020-02-27,4069.999999999999,4069.999999999999,0.0,0
2020-02-28,-18044.999999999993,-18044.999999999993,0.0,0
2020-03-02,9909.99999999999,9207.99999999999,702.0,0
2020-03-03,0.0,0.0,0.0,0
2020-03-04,0.0,0.0,0.0,0
2020-03-05,0.0,0.0,0.0,0
2020-03-06,0.0,-767.0000000000006,767.0000000000006,0
2020-03-09,-9719.999999999998,-9719.999999999998,0.0,0
2020-03-10,7679.999999999998,7679.999999999998,0.0,0
2020-03-11,-7169.999999999996,-7169.999999999996,0.0,0
2020-03-12,-23432.500000000004,-23432.500000000004,0.0,0
2020-03-13,22012.5,21125.499999999996,887.0000000000023,0
2020-03-16,0.0,0.0,0.0,0
2020-03-17,0.0,0.0,0.0,0
2020-03-18,0.0,-426.9999999999986,426.9999999999986,0
2020-03-19,4099.9999999999945,4099.9999999999945,0.0,0
2020-03-20,3005.000000000001,3005.000000000001,0.0,0
2020-03-23,-2555.000000000007,-2555.000000000007,0.0,0
2020-03-24,5885.000000000002,5885.000000000002,0.0,0
2020-03-25,-1119.9999999999932,-1421.9999999999918,301.9999999999986,0
2020-03-26,0.0,0.0,0.0,0
2020-03-27,0.0,-451.9999999999986,451.9999999999986,0
2020-03-30,5085.000000000002,5085.000000000002,0.0,0
2020-03-31,3219.999999999999,3219.999999999999,0.0,0
2020-04-01,-3569.999999999999,-3569.999999999999,0.0,0
2020-04-02,4909.999999999999,4909.999999999999,0.0,0
2020-04-03,735.0000000000023,443.0000000000031,291.99999999999915,0
2020-04-06,0.0,0.0,0.0,0
2020-04-07,0.0,0.0,0.0,0
2020-04-08,0.0,0.0,0.0,0
2020-04-09,0.0,0.0,0.0,0
2020-04-13,0.0,0.0,0.0,0
2020-04-14,0.0,0.0,0.0,0
2020-04-15,0.0,0.0,0.0,0
2020-04-16,0.0,0.0,0.0,0
2020-04-17,0.0,0.0,0.0,0
2020-04-20,0.0,0.0,0.0,0
2020-04-21,0.0,0.0,0.0,0
2020-04-22,0.0,0.0,0.0,0
2020-04-23,0.0,0.0,0.0,0
2020-04-24,0.0,0.0,0.0,0
2020-04-27,0.0,0.0,0.0,0
2020-04-28,0.0,0.0,0.0,0
2020-04-29,0.0,0.0,0.0,0
2020-04-30,0.0,0.0,0.0,0
2020-05-01,0.0,0.0,0.0,0
2020-05-04,0.0,0.0,0.0,0
2020-05-05,0.0,0.0,0.0,0
2020-05-06,0.0,0.0,0.0,0
2020-05-07,0.0,0.0,0.0,0
2020-05-08,0.0,0.0,0.0,0
2020-05-11,0.0,0.0,0.0,0
2020-05-12,0.0,-381.9999999999997,381.9999999999997,0
2020-05-13,-1259.9999999999966,-1259.9999999999966,0.0,0
2020-05-14,2054.999999999998,2054.999999999998,0.0,0
2020-05-15,715.0000000000006,715.0000000000006,0.0,0
2020-05-18,1444.9999999999989,1444.9999999999989,0.0,0
2020-05-19,400.0,292.99999999999955,107.00000000000043,0
2020-05-20,0.0,0.0,0.0,0
2020-05-21,0.0,-77.00000000000071,77.00000000000071,0
2020-05-22,929.9999999999983,929.9999999999983,0.0,0
2020-05-26,610.0000000000023,610.0000000000023,0.0,0
2020-05-27,-1209.9999999999995,-1209.9999999999995,0.0,0
2020-05-28,-245.0000000000017,-245.0000000000017,0.0,0
2020-05-29,-140.00000000000057,-232.0000000000008,92.00000000000021,0
2020-06-01,0.0,-121.99999999999957,121.99999999999957,0
2020-06-02,449.99999999999716,449.99999999999716,0.0,0
2020-06-03,-924.9999999999972,-924.9999999999972,0.0,0
2020-06-04,350.0,350.0,0.0,0
2020-06-05,-3475.0,-3475.0,0.0,0
2020-06-08,-2890.0000000000005,-2982.0000000000014,92.00000000000074,0
2020-06-09,0.0,-112.00000000000014,112.00000000000014,0
2020-06-10,519.9999999999989,519.9999999999989,0.0,0
2020-06-11,-9994.999999999998,-9994.999999999998,0.0,0
2020-06-12,2734.9999999999995,2734.9999999999995,0.0,0
2020-06-15,2814.9999999999977,2814.9999999999977,0.0,0
2020-06-16,2325.0000000000027,2193.000000000002,132.00000000000114,0
2020-06-17,0.0,0.0,0.0,0
2020-06-18,0.0,0.0,0.0,0
2020-06-19,0.0,0.0,0.0,0
2020-06-22,0.0,0.0,0.0,0
2020-06-23,0.0,0.0,0.0,0
2020-06-24,0.0,0.0,0.0,0
2020-06-25,0.0,0.0,0.0,0
2020-06-26,0.0,0.0,0.0,0
2020-06-29,0.0,0.0,0.0,0
2020-06-30,0.0,0.0,0.0,0
2020-07-01,0.0,0.0,0.0,0
2020-07-02,0.0,0.0,0.0,0
2020-07-06,0.0,-86.99999999999943,86.99999999999943,0
2020-07-07,480.00000000000114,480.00000000000114,0.0,0
2020-07-08,359.99999999999943,359.99999999999943,0.0,0
2020-07-09,290.00000000000057,290.00000000000057,0.0,0
2020-07-10,55.00000000000114,55.00000000000114,0.0,0
2020-07-13,-245.0000000000017,-392.00000000000125,146.99999999999957,0
2020-07-14,0.0,0.0,0.0,0
2020-07-15,0.0,0.0,0.0,0
2020-07-16,0.0,0.0,0.0,0
2020-07-17,0.0,0.0,0.0,0
2020-07-20,0.0,-71.99999999999993,71.99999999999993,0
2020-07-21,-364.9999999999977,-364.9999999999977,0.0,0
2020-07-22,244.99999999999886,244.99999999999886,0.0,0
2020-07-23,569.9999999999989,569.9999999999989,0.0,0
2020-07-24,859.9999999999994,859.9999999999994,0.0,0
2020-07-27,1205.0000000000011,1138.0000000000016,66.9999999999995,0
2020-07-28,0.0,-77.00000000000071,77.00000000000071,0
2020-07-29,350.0,350.0,0.0,0
2020-07-30,-130.00000000000114,-130.00000000000114,0.0,0
2020-07-31,80.00000000000114,80.00000000000114,0.0,0
2020-08-03,-39.999999999997726,-39.999999999997726,0.0,0
2020-08-04,94.99999999999886,22.99999999999858,72.00000000000028,0
2020-08-05,0.0,0.0,0.0,0
2020-08-06,0.0,-87.00000000000014,87.00000000000014,0
2020-08-07,315.00000000000057,315.00000000000057,0.0,0
2020-08-10,434.99999999999943,434.99999999999943,0.0,0
2020-08-11,-189.99999999999773,-189.99999999999773,0.0,0
2020-08-12,-130.00000000000114,-130.00000000000114,0.0,0
2020-08-13,425.0,332.9999999999998,92.00000000000021,0
2020-08-14,0.0,0.0,0.0,0
2020-08-17,0.0,0.0,0.0,0
2020-08-18,0.0,0.0,0.0,0
2020-08-19,0.0,0.0,0.0,0
2020-08-20,0.0,0.0,0.0,0
2020-08-21,0.0,0.0,0.0,0
2020-08-24,0.0,0.0,0.0,0
2020-08-25,0.0,0.0,0.0,0
2020-08-26,0.0,0.0,0.0,0
2020-08-27,0.0,0.0,0.0,0
2020-08-28,0.0,0.0,0.0,0
2020-08-31,0.0,0.0,0.0,0
2020-09-01,0.0,0.0,0.0,0
2020-09-02,0.0,0.0,0.0,0
2020-09-03,0.0,0.0,0.0,0
2020-09-04,0.0,0.0,0.0,0
2020-09-08,0.0,0.0,0.0,0
2020-09-09,0.0,0.0,0.0,0
2020-09-10,0.0,0.0,0.0,0
2020-09-11,0.0,0.0,0.0,0
2020-09-14,0.0,0.0,0.0,0
2020-09-15,0.0,0.0,0.0,0
2020-09-16,0.0,0.0,0.0,0
2020-09-17,0.0,0.0,0.0,0
2020-09-18,0.0,0.0,0.0,0
2020-09-21,0.0,0.0,0.0,0
2020-09-22,0.0,0.0,0.0,0
2020-09-23,0.0,0.0,0.0,0
2020-09-24,0.0,0.0,0.0,0
2020-09-25,0.0,0.0,0.0,0
2020-09-28,0.0,0.0,0.0,0
2020-09-29,0.0,0.0,0.0,0
2020-09-30,0.0,0.0,0.0,0
2020-10-01,0.0,0.0,0.0,0
2020-10-02,0.0,0.0,0.0,0
2020-10-05,0.0,0.0,0.0,0
2020-10-06,0.0,0.0,0.0,0
2020-10-07,0.0,0.0,0.0,0
2020-10-08,0.0,0.0,0.0,0
2020-10-09,0.0,0.0,0.0,0
2020-10-12,0.0,0.0,0.0,0
2020-10-13,0.0,0.0,0.0,0
2020-10-14,0.0,0.0,0.0,0
2020-10-15,0.0,0.0,0.0,0
2020-10-16,0.0,0.0,0.0,0
2020-10-19,0.0,0.0,0.0,0
2020-10-20,0.0,0.0,0.0,0
2020-10-21,0.0,0.0,0.0,0
2020-10-22,0.0,0.0,0.0,0
2020-10-23,0.0,0.0,0.0,0
2020-10-26,0.0,0.0,0.0,0
2020-10-27,0.0,0.0,0.0,0
2020-10-28,0.0,0.0,0.0,0
2020-10-29,0.0,0.0,0.0,0
2020-10-30,0.0,0.0,0.0,0
2020-11-02,0.0,0.0,0.0,0
2020-11-03,0.0,0.0,0.0,0
2020-11-04,0.0,0.0,0.0,0
2020-11-05,0.0,0.0,0.0,0
2020-11-06,0.0,0.0,0.0,0
2020-11-09,0.0,0.0,0.0,0
2020-11-10,0.0,0.0,0.0,0
2020-11-11,0.0,0.0,0.0,0
2020-11-12,0.0,0.0,0.0,0
2020-11-13,0.0,0.0,0.0,0
2020-11-16,0.0,0.0,0.0,0
2020-11-17,0.0,0.0,0.0,0
2020-11-18,0.0,0.0,0.0,0
2020-11-19,0.0,0.0,0.0,0
2020-11-20,0.0,0.0,0.0,0
2020-11-23,0.0,0.0,0.0,0
2020-11-24,0.0,0.0,0.0,0
2020-11-25,0.0,0.0,0.0,0
2020-11-27,0.0,0.0,0.0,0
2020-11-30,0.0,0.0,0.0,0
2020-12-01,0.0,0.0,0.0,0
2020-12-02,0.0,0.0,0.0,0
2020-12-03,0.0,0.0,0.0,0
2020-12-04,0.0,0.0,0.0,0
2020-12-07,0.0,0.0,0.0,0
2020-12-08,0.0,0.0,0.0,0
2020-12-09,0.0,0.0,0.0,0
2020-12-10,0.0,0.0,0.0,0
2020-12-11,0.0,0.0,0.0,0
2020-12-14,0.0,0.0,0.0,0
2020-12-15,0.0,0.0,0.0,0
2020-12-16,0.0,0.0,0.0,0
2020-12-17,0.0,0.0,0.0,0
2020-12-18,0.0,0.0,0.0,0
2020-12-21,0.0,0.0,0.0,0
2020-12-22,0.0,0.0,0.0,0
2020-12-23,0.0,0.0,0.0,0
2020-12-24,0.0,0.0,0.0,0
2020-12-28,0.0,0.0,0.0,0
2020-12-29,0.0,0.0,0.0,0
2020-12-30,0.0,0.0,0.0,0
2020-12-31,0.0,0.0,0.0,0
2021-01-04,0.0,0.0,0.0,0
2021-01-05,0.0,0.0,0.0,0
2021-01-06,0.0,0.0,0.0,0
2021-01-07,0.0,0.0,0.0,0
2021-01-08,0.0,0.0,0.0,0
2021-01-11,0.0,0.0,0.0,0
2021-01-12,0.0,0.0,0.0,0
2021-01-13,0.0,0.0,0.0,0
2021-01-14,0.0,0.0,0.0,0
2021-01-15,0.0,0.0,0.0,0
2021-01-19,0.0,0.0,0.0,0
2021-01-20,0.0,0.0,0.0,0
2021-01-21,0.0,0.0,0.0,0
2021-01-22,0.0,0.0,0.0,0
2021-01-25,0.0,0.0,0.0,0
2021-01-26,0.0,0.0,0.0,0
2021-01-27,0.0,0.0,0.0,0
2021-01-28,0.0,0.0,0.0,0
2021-01-29,0.0,0.0,0.0,0
2021-02-01,0.0,0.0,0.0,0
2021-02-02,0.0,0.0,0.0,0
2021-02-03,0.0,0.0,0.0,0
2021-02-04,0.0,0.0,0.0,0
2021-02-05,0.0,0.0,0.0,0
2021-02-08,0.0,0.0,0.0,0
2021-02-09,0.0,0.0,0.0,0
2021-02-10,0.0,0.0,0.0,0
2021-02-11,0.0,0.0,0.0,0
2021-02-12,0.0,0.0,0.0,0
2021-02-16,0.0,0.0,0.0,0
2021-02-17,0.0,0.0,0.0,0
2021-02-18,0.0,0.0,0.0,0
2021-02-19,0.0,0.0,0.0,0
2021-02-22,0.0,0.0,0.0,0
2021-02-23,0.0,0.0,0.0,0
2021-02-24,0.0,0.0,0.0,0
2021-02-25,0.0,0.0,0.0,0
2021-02-26,0.0,0.0,0.0,0
2021-03-01,0.0,0.0,0.0,0
2021-03-02,0.0,0.0,0.0,0
2021-03-03,0.0,0.0,0.0,0
2021-03-04,0.0,0.0,0.0,0
2021-03-05,0.0,0.0,0.0,0
2021-03-08,0.0,0.0,0.0,0
2021-03-09,0.0,0.0,0.0,0
2021-03-10,0.0,0.0,0.0,0
2021-03-11,0.0,0.0,0.0,0
2021-03-12,0.0,0.0,0.0,0
2021-03-15,0.0,0.0,0.0,0
2021-03-16,0.0,0.0,0.0,0
2021-03-17,0.0,0.0,0.0,0
2021-03-18,0.0,0.0,0.0,0
2021-03-19,0.0,0.0,0.0,0
2021-03-22,0.0,0.0,0.0,0
2021-03-23,0.0,0.0,0.0,0
2021-03-24,0.0,0.0,0.0,0
2021-03-25,0.0,0.0,0.0,0
2021-03-26,0.0,0.0,0.0,0
2021-03-29,0.0,0.0,0.0,0
2021-03-30,0.0,0.0,0.0,0
2021-03-31,0.0,0.0,0.0,0
2021-04-01,0.0,0.0,0.0,0
2021-04-05,0.0,0.0,0.0,0
2021-04-06,0.0,0.0,0.0,0
2021-04-07,0.0,0.0,0.0,0
2021-04-08,0.0,0.0,0.0,0
2021-04-09,0.0,0.0,0.0,0
2021-04-12,0.0,0.0,0.0,0
2021-04-13,0.0,0.0,0.0,0
2021-04-14,0.0,0.0,0.0,0
2021-04-15,0.0,0.0,0.0,0
2021-04-16,0.0,0.0,0.0,0
2021-04-19,0.0,0.0,0.0,0
2021-04-20,0.0,0.0,0.0,0
2021-04-21,0.0,0.0,0.0,0
2021-04-22,0.0,0.0,0.0,0
2021-04-23,0.0,0.0,0.0,0
2021-04-26,0.0,0.0,0.0,0
2021-04-27,0.0,0.0,0.0,0
2021-04-28,0.0,0.0,0.0,0
2021-04-29,0.0,0.0,0.0,0
2021-04-30,0.0,0.0,0.0,0
2021-05-03,0.0,0.0,0.0,0
2021-05-04,0.0,0.0,0.0,0
2021-05-05,0.0,0.0,0.0,0
2021-05-06,0.0,0.0,0.0,0
2021-05-07,0.0,0.0,0.0,0
2021-05-10,0.0,0.0,0.0,0
2021-05-11,0.0,0.0,0.0,0
2021-05-12,0.0,0.0,0.0,0
2021-05-13,0.0,0.0,0.0,0
2021-05-14,0.0,0.0,0.0,0
2021-05-17,0.0,0.0,0.0,0
2021-05-18,0.0,0.0,0.0,0
2021-05-19,0.0,0.0,0.0,0
2021-05-20,0.0,0.0,0.0,0
2021-05-21,0.0,0.0,0.0,0
2021-05-24,0.0,0.0,0.0,0
2021-05-25,0.0,0.0,0.0,0
2021-05-26,0.0,0.0,0.0,0
2021-05-27,0.0,0.0,0.0,0
2021-05-28,0.0,0.0,0.0,0
2021-06-01,0.0,0.0,0.0,0
2021-06-02,0.0,0.0,0.0,0
2021-06-03,0.0,0.0,0.0,0
2021-06-04,0.0,0.0,0.0,0
2021-06-07,0.0,0.0,0.0,0
2021-06-08,0.0,0.0,0.0,0
2021-06-09,0.0,0.0,0.0,0
2021-06-10,0.0,0.0,0.0,0
2021-06-11,0.0,0.0,0.0,0
2021-06-14,0.0,0.0,0.0,0
2021-06-15,0.0,0.0,0.0,0
2021-06-16,0.0,0.0,0.0,0
2021-06-17,0.0,0.0,0.0,0
2021-06-18,0.0,0.0,0.0,0
2021-06-21,0.0,0.0,0.0,0
2021-06-22,0.0,0.0,0.0,0
2021-06-23,0.0,0.0,0.0,0
2021-06-24,0.0,0.0,0.0,0
2021-06-25,0.0,0.0,0.0,0
2021-06-28,0.0,0.0,0.0,0
2021-06-29,0.0,0.0,0.0,0
2021-06-30,0.0,0.0,0.0,0
2021-07-01,0.0,0.0,0.0,0
2021-07-02,0.0,0.0,0.0,0
2021-07-06,0.0,0.0,0.0,0
2021-07-07,0.0,0.0,0.0,0
2021-07-08,0.0,0.0,0.0,0
2021-07-09,0.0,0.0,0.0,0
2021-07-12,0.0,0.0,0.0,0
2021-07-13,0.0,0.0,0.0,0
2021-07-14,0.0,0.0,0.0,0
2021-07-15,0.0,0.0,0.0,0
2021-07-16,0.0,0.0,0.0,0
2021-07-19,0.0,0.0,0.0,0
2021-07-20,0.0,0.0,0.0,0
2021-07-21,0.0,0.0,0.0,0
2021-07-22,0.0,0.0,0.0,0
2021-07-23,0.0,0.0,0.0,0
2021-07-26,0.0,0.0,0.0,0
2021-07-27,0.0,0.0,0.0,0
2021-07-28,0.0,0.0,0.0,0
2021-07-29,0.0,0.0,0.0,0
2021-07-30,0.0,0.0,0.0,0
2021-08-02,0.0,0.0,0.0,0
2021-08-03,0.0,0.0,0.0,0
2021-08-04,0.0,0.0,0.0,0
2021-08-05,0.0,0.0,0.0,0
2021-08-06,0.0,0.0,0.0,0
2021-08-09,0.0,0.0,0.0,0
2021-08-10,0.0,0.0,0.0,0
2021-08-11,0.0,0.0,0.0,0
2021-08-12,0.0,0.0,0.0,0
2021-08-13,0.0,0.0,0.0,0
2021-08-16,0.0,0.0,0.0,0
2021-08-17,0.0,0.0,0.0,0
2021-08-18,0.0,0.0,0.0,0
2021-08-19,0.0,0.0,0.0,0
2021-08-20,0.0,0.0,0.0,0
2021-08-23,0.0,0.0,0.0,0
2021-08-24,0.0,0.0,0.0,0
2021-08-25,0.0,0.0,0.0,0
2021-08-26,0.0,0.0,0.0,0
2021-08-27,0.0,0.0,0.0,0
2021-08-30,0.0,0.0,0.0,0
2021-08-31,0.0,0.0,0.0,0
2021-09-01,0.0,0.0,0.0,0
2021-09-02,0.0,0.0,0.0,0
2021-09-03,0.0,0.0,0.0,0
2021-09-07,0.0,0.0,0.0,0
2021-09-08,0.0,0.0,0.0,0
2021-09-09,0.0,0.0,0.0,0
2021-09-10,0.0,0.0,0.0,0
2021-09-13,0.0,0.0,0.0,0
2021-09-14,0.0,0.0,0.0,0
2021-09-15,0.0,0.0,0.0,0
2021-09-16,0.0,0.0,0.0,0
2021-09-17,0.0,0.0,0.0,0
2021-09-20,0.0,0.0,0.0,0
2021-09-21,0.0,0.0,0.0,0
2021-09-22,0.0,0.0,0.0,0
2021-09-23,0.0,0.0,0.0,0
2021-09-24,0.0,0.0,0.0,0
2021-09-27,0.0,0.0,0.0,0
2021-09-28,0.0,0.0,0.0,0
2021-09-29,0.0,0.0,0.0,0
2021-09-30,0.0,0.0,0.0,0
2021-10-01,0.0,0.0,0.0,0
2021-10-04,0.0,0.0,0.0,0
2021-10-05,0.0,0.0,0.0,0
2021-10-06,0.0,0.0,0.0,0
2021-10-07,0.0,0.0,0.0,0
2021-10-08,0.0,0.0,0.0,0
2021-10-11,0.0,0.0,0.0,0
2021-10-12,0.0,0.0,0.0,0
2021-10-13,0.0,0.0,0.0,0
2021-10-14,0.0,0.0,0.0,0
2021-10-15,0.0,0.0,0.0,0
2021-10-18,0.0,0.0,0.0,0
2021-10-19,0.0,0.0,0.0,0
2021-10-20,0.0,0.0,0.0,0
2021-10-21,0.0,0.0,0.0,0
2021-10-22,0.0,0.0,0.0,0
2021-10-25,0.0,0.0,0.0,0
2021-10-26,0.0,0.0,0.0,0
2021-10-27,0.0,0.0,0.0,0
2021-10-28,0.0,0.0,0.0,0
2021-10-29,0.0,0.0,0.0,0
2021-11-01,0.0,0.0,0.0,0
2021-11-02,0.0,0.0,0.0,0
2021-11-03,0.0,0.0,0.0,0
2021-11-04,0.0,0.0,0.0,0
2021-11-05,0.0,0.0,0.0,0
2021-11-08,0.0,0.0,0.0,0
2021-11-09,0.0,0.0,0.0,0
2021-11-10,0.0,0.0,0.0,0
2021-11-11,0.0,0.0,0.0,0
2021-11-12,0.0,0.0,0.0,0
2021-11-15,0.0,0.0,0.0,0
2021-11-16,0.0,0.0,0.0,0
2021-11-17,0.0,0.0,0.0,0
2021-11-18,0.0,0.0,0.0,0
2021-11-19,0.0,0.0,0.0,0
2021-11-22,0.0,0.0,0.0,0
2021-11-23,0.0,0.0,0.0,0
2021-11-24,0.0,0.0,0.0,0
2021-11-26,0.0,0.0,0.0,0
2021-11-29,0.0,0.0,0.0,0
2021-11-30,0.0,0.0,0.0,0
2021-12-01,0.0,0.0,0.0,0
2021-12-02,0.0,0.0,0.0,0
2021-12-03,0.0,0.0,0.0,0
2021-12-06,0.0,0.0,0.0,0
2021-12-07,0.0,0.0,0.0,0
2021-12-08,0.0,0.0,0.0,0
2021-12-09,0.0,0.0,0.0,0
2021-12-10,0.0,0.0,0.0,0
2021-12-13,0.0,0.0,0.0,0
2021-12-14,0.0,0.0,0.0,0
2021-12-15,0.0,0.0,0.0,0
2021-12-16,0.0,0.0,0.0,0
2021-12-17,0.0,0.0,0.0,0
2021-12-20,0.0,0.0,0.0,0
2021-12-21,0.0,0.0,0.0,0
2021-12-22,0.0,0.0,0.0,0
2021-12-23,0.0,0.0,0.0,0
2021-12-27,0.0,0.0,0.0,0
2021-12-28,0.0,0.0,0.0,0
2021-12-29,0.0,0.0,0.0,0
2021-12-30,0.0,0.0,0.0,0
2021-12-31,0.0,0.0,0.0,0
2022-01-03,0.0,0.0,0.0,0
2022-01-04,0.0,0.0,0.0,0
2022-01-05,0.0,0.0,0.0,0
2022-01-06,0.0,0.0,0.0,0
2022-01-07,0.0,0.0,0.0,0
2022-01-10,0.0,0.0,0.0,0
2022-01-11,0.0,0.0,0.0,0
2022-01-12,0.0,0.0,0.0,0
2022-01-13,0.0,0.0,0.0,0
2022-01-14,0.0,0.0,0.0,0
2022-01-18,0.0,0.0,0.0,0
2022-01-19,0.0,0.0,0.0,0
2022-01-20,0.0,0.0,0.0,0
2022-01-21,0.0,0.0,0.0,0
2022-01-24,0.0,0.0,0.0,0
2022-01-25,0.0,0.0,0.0,0
2022-01-26,0.0,0.0,0.0,0
2022-01-27,0.0,0.0,0.0,0
2022-01-28,0.0,0.0,0.0,0
2022-01-31,0.0,0.0,0.0,0
2022-02-01,0.0,0.0,0.0,0
2022-02-02,0.0,0.0,0.0,0
2022-02-03,0.0,0.0,0.0,0
2022-02-04,0.0,0.0,0.0,0
2022-02-07,0.0,0.0,0.0,0
2022-02-08,0.0,0.0,0.0,0
2022-02-09,0.0,0.0,0.0,0
2022-02-10,0.0,0.0,0.0,0
2022-02-11,0.0,0.0,0.0,0
2022-02-14,0.0,0.0,0.0,0
2022-02-15,0.0,0.0,0.0,0
2022-02-16,0.0,0.0,0.0,0
2022-02-17,0.0,0.0,0.0,0
2022-02-18,0.0,0.0,0.0,0
2022-02-22,0.0,0.0,0.0,0
2022-02-23,0.0,0.0,0.0,0
2022-02-24,0.0,0.0,0.0,0
2022-02-25,0.0,0.0,0.0,0
2022-02-28,0.0,0.0,0.0,0
2022-03-01,0.0,0.0,0.0,0
2022-03-02,0.0,0.0,0.0,0
2022-03-03,0.0,0.0,0.0,0
2022-03-04,0.0,0.0,0.0,0
2022-03-07,0.0,0.0,0.0,0
2022-03-08,0.0,0.0,0.0,0
2022-03-09,0.0,0.0,0.0,0
2022-03-10,0.0,0.0,0.0,0
2022-03-11,0.0,0.0,0.0,0
2022-03-14,0.0,0.0,0.0,0
2022-03-15,0.0,0.0,0.0,0
2022-03-16,0.0,0.0,0.0,0
2022-03-17,0.0,0.0,0.0,0
2022-03-18,0.0,0.0,0.0,0
2022-03-21,0.0,0.0,0.0,0
2022-03-22,0.0,0.0,0.0,0
2022-03-23,0.0,0.0,0.0,0
2022-03-24,0.0,0.0,0.0,0
2022-03-25,0.0,0.0,0.0,0
2022-03-28,0.0,0.0,0.0,0
2022-03-29,0.0,0.0,0.0,0
2022-03-30,0.0,0.0,0.0,0
2022-03-31,0.0,-96.99999999999957,96.99999999999957,0
2022-04-01,1345.0000000000018,1345.0000000000018,0.0,0
2022-04-04,1994.9999999999989,1994.9999999999989,0.0,0
2022-04-05,-1465.0000000000005,-1465.0000000000005,0.0,0
2022-04-06,-1559.9999999999995,-1559.9999999999995,0.0,0
2022-04-07,1334.9999999999995,1198.0,136.99999999999943,0
2022-04-08,0.0,0.0,0.0,0
2022-04-11,0.0,0.0,0.0,0
2022-04-12,0.0,0.0,0.0,0
2022-04-13,0.0,0.0,0.0,0
2022-04-14,0.0,0.0,0.0,0
2022-04-18,0.0,0.0,0.0,0
2022-04-19,0.0,0.0,0.0,0
2022-04-20,0.0,0.0,0.0,0
2022-04-21,0.0,0.0,0.0,0
2022-04-22,0.0,0.0,0.0,0
2022-04-25,0.0,0.0,0.0,0
2022-04-26,0.0,0.0,0.0,0
2022-04-27,0.0,0.0,0.0,0
2022-04-28,0.0,-622.0000000000017,622.0000000000017,0
2022-04-29,650.0,650.0,0.0,0
2022-05-02,1180.0000000000011,1180.0000000000011,0.0,0
2022-05-03,1815.0000000000005,1815.0000000000005,0.0,0
2022-05-04,-684.9999999999994,-684.9999999999994,0.0,0
2022-05-05,290.00000000000057,108.00000000000227,181.9999999999983,0
2022-05-06,0.0,0.0,0.0,0
2022-05-09,0.0,0.0,0.0,0
2022-05-10,0.0,0.0,0.0,0
2022-05-11,0.0,0.0,0.0,0
2022-05-12,0.0,-172.00000000000028,172.00000000000028,0
2022-05-13,590.0000000000034,590.0000000000034,0.0,0
2022-05-16,2275.0,2275.0,0.0,0
2022-05-17,-2520.000000000002,-2520.000000000002,0.0,0
2022-05-18,3505.000000000001,3505.000000000001,0.0,0
2022-05-19,1604.9999999999982,1487.9999999999984,116.99999999999986,0
2022-05-20,0.0,0.0,0.0,0
2022-05-23,0.0,0.0,0.0,0
2022-05-24,0.0,0.0,0.0,0
2022-05-25,0.0,0.0,0.0,0
2022-05-26,0.0,0.0,0.0,0
2022-05-27,0.0,0.0,0.0,0
2022-05-31,0.0,0.0,0.0,0
2022-06-01,0.0,0.0,0.0,0
2022-06-02,0.0,0.0,0.0,0
2022-06-03,0.0,0.0,0.0,0
2022-06-06,0.0,0.0,0.0,0
2022-06-07,0.0,0.0,0.0,0
2022-06-08,0.0,0.0,0.0,0
2022-06-09,0.0,0.0,0.0,0
2022-06-10,0.0,0.0,0.0,0
2022-06-13,0.0,0.0,0.0,0
2022-06-14,0.0,-116.99999999999915,116.99999999999915,0
2022-06-15,1100.0000000000027,1100.0000000000027,0.0,0
2022-06-16,289.9999999999977,289.9999999999977,0.0,0
2022-06-17,1495.0000000000018,1495.0000000000018,0.0,0
2022-06-21,1400.0,1400.0,0.0,0
2022-06-22,1184.9999999999995,1098.0,86.99999999999943,0
2022-06-23,0.0,0.0,0.0,0
2022-06-24,0.0,0.0,0.0,0
2022-06-27,0.0,0.0,0.0,0
2022-06-28,0.0,0.0,0.0,0
2022-06-29,0.0,0.0,0.0,0
2022-06-30,0.0,0.0,0.0,0
2022-07-01,0.0,0.0,0.0,0
2022-07-05,0.0,0.0,0.0,0
2022-07-06,0.0,0.0,0.0,0
2022-07-07,0.0,0.0,0.0,0
2022-07-08,0.0,0.0,0.0,0
2022-07-11,0.0,0.0,0.0,0
2022-07-12,0.0,0.0,0.0,0
2022-07-13,0.0,0.0,0.0,0
2022-07-14,0.0,0.0,0.0,0
2022-07-15,0.0,0.0,0.0,0
2022-07-18,0.0,-186.99999999999943,186.99999999999943,0
2022-07-19,-1559.9999999999995,-1559.9999999999995,0.0,0
2022-07-20,169.99999999999886,169.99999999999886,0.0,0
2022-07-21,-309.9999999999966,-309.9999999999966,0.0,0
2022-07-22,1949.9999999999973,1949.9999999999973,0.0,0
2022-07-25,684.9999999999994,492.99999999999955,191.99999999999986,0
2022-07-26,0.0,-91.99999999999986,91.99999999999986,0
2022-07-27,-294.99999999999886,-294.99999999999886,0.0,0
2022-07-28,-2905.000000000001,-2905.000000000001,0.0,0
2022-07-29,-1000.0,-1000.0,0.0,0
2022-08-01,325.00000000000284,325.00000000000284,0.0,0
2022-08-02,1289.9999999999977,1082.9999999999973,207.00000000000043,0
2022-08-03,0.0,-171.99999999999957,171.99999999999957,0
2022-08-04,765.0000000000034,765.0000000000034,0.0,0
2022-08-05,1014.9999999999977,1014.9999999999977,0.0,0
2022-08-08,534.9999999999994,534.9999999999994,0.0,0
2022-08-09,484.99999999999943,484.99999999999943,0.0,0
2022-08-10,-1779.9999999999982,-2031.9999999999986,252.00000000000054,0
2022-08-11,0.0,-102.0,102.0,0
2022-08-12,-939.9999999999977,-939.9999999999977,0.0,0
2022-08-15,-119.99999999999886,-119.99999999999886,0.0,0
2022-08-16,-330.00000000000114,-330.00000000000114,0.0,0
2022-08-17,1254.9999999999982,1254.9999999999982,0.0,0
2022-08-18,600.0000000000028,433.00000000000296,166.99999999999986,0
2022-08-19,0.0,-162.00000000000014,162.00000000000014,0
2022-08-22,-2800.0,-2800.0,0.0,0
2022-08-23,-720.0000000000017,-720.0000000000017,0.0,0
2022-08-24,1879.9999999999982,1879.9999999999982,0.0,0
2022-08-25,2415.0000000000036,2415.0000000000036,0.0,0
2022-08-26,-9685.000000000002,-9887.000000000002,202.0,0
2022-08-29,0.0,0.0,0.0,0
2022-08-30,0.0,0.0,0.0,0
2022-08-31,0.0,0.0,0.0,0
2022-09-01,0.0,0.0,0.0,0
2022-09-02,0.0,0.0,0.0,0
2022-09-06,0.0,0.0,0.0,0
2022-09-07,0.0,0.0,0.0,0
2022-09-08,0.0,0.0,0.0,0
2022-09-09,0.0,0.0,0.0,0
2022-09-12,0.0,0.0,0.0,0
2022-09-13,0.0,0.0,0.0,0
2022-09-14,0.0,0.0,0.0,0
2022-09-15,0.0,0.0,0.0,0
2022-09-16,0.0,0.0,0.0,0
2022-09-19,0.0,0.0,0.0,0
2022-09-20,0.0,0.0,0.0,0
2022-09-21,0.0,-102.0,102.0,0
2022-09-22,789.9999999999977,789.9999999999977,0.0,0
2022-09-23,-2144.999999999999,-2144.999999999999,0.0,0
2022-09-26,-2164.9999999999977,-2164.9999999999977,0.0,0
2022-09-27,649.9999999999943,649.9999999999943,0.0,0
2022-09-28,3820.000000000002,3658.0000000000023,161.99999999999943,0
2022-09-29,0.0,0.0,0.0,0
2022-09-30,0.0,0.0,0.0,0
2022-10-03,0.0,0.0,0.0,0
2022-10-04,0.0,0.0,0.0,0
2022-10-05,0.0,-112.00000000000014,112.00000000000014,0
2022-10-06,-419.99999999999886,-419.99999999999886,0.0,0
2022-10-07,-829.9999999999983,-829.9999999999983,0.0,0
2022-10-10,-585.0000000000051,-585.0000000000051,0.0,0
2022-10-11,-1074.9999999999973,-1074.9999999999973,0.0,0
2022-10-12,-550.0,-811.9999999999994,261.99999999999943,0
2022-10-13,0.0,-367.00000000000057,367.00000000000057,0
2022-10-14,2565.0000000000036,2565.0000000000036,0.0,0
2022-10-17,-1765.0000000000034,-1765.0000000000034,0.0,0
2022-10-18,-1914.9999999999977,-1914.9999999999977,0.0,0
2022-10-19,2584.9999999999995,2584.9999999999995,0.0,0
2022-10-20,2030.0000000000011,1683.000000000001,347.0000000000003,0
2022-10-21,0.0,-392.00000000000057,392.00000000000057,0
2022-10-24,-794.9999999999989,-794.9999999999989,0.0,0
2022-10-25,-1285.0000000000023,-1285.0000000000023,0.0,0
2022-10-26,780.0000000000011,780.0000000000011,0.0,0
2022-10-27,3595.000000000002,3595.000000000002,0.0,0
2022-10-28,-6704.999999999993,-7046.999999999994,342.00000000000057,0
2022-10-31,0.0,0.0,0.0,0
2022-11-01,0.0,0.0,0.0,0
2022-11-02,0.0,0.0,0.0,0
2022-11-03,0.0,0.0,0.0,0
2022-11-04,0.0,0.0,0.0,0
2022-11-07,0.0,0.0,0.0,0
2022-11-08,0.0,0.0,0.0,0
2022-11-09,0.0,0.0,0.0,0
2022-11-10,0.0,0.0,0.0,0
2022-11-11,0.0,0.0,0.0,0
2022-11-14,0.0,-247.00000000000028,247.00000000000028,0
2022-11-15,-105.00000000000114,-105.00000000000114,0.0,0
2022-11-16,1059.9999999999995,1059.9999999999995,0.0,0
2022-11-17,490.00000000000057,490.00000000000057,0.0,0
2022-11-18,964.9999999999977,964.9999999999977,0.0,0
2022-11-21,1370.0000000000018,1233.0000000000016,137.00000000000014,0
2022-11-22,0.0,0.0,0.0,0
2022-11-23,0.0,-147.00000000000028,147.00000000000028,0
2022-11-25,584.9999999999994,584.9999999999994,0.0,0
2022-11-28,130.00000000000114,130.00000000000114,0.0,0
2022-11-29,374.99999999999716,374.99999999999716,0.0,0
2022-11-30,-1744.9999999999989,-1744.9999999999989,0.0,0
2022-12-01,1315.0000000000005,1078.0000000000002,237.00000000000014,0
2022-12-02,0.0,-172.00000000000028,172.00000000000028,0
2022-12-05,-355.00000000000114,-355.00000000000114,0.0,0
2022-12-06,-2444.999999999999,-2444.999999999999,0.0,0
2022-12-07,-440.00000000000057,-440.00000000000057,0.0,0
2022-12-08,1684.9999999999995,1684.9999999999995,0.0,0
2022-12-09,-17229.999999999996,-49496.99999999999,32266.999999999996,0
2022-12-12,0.0,0.0,0.0,0
2022-12-13,0.0,0.0,0.0,0
2022-12-14,0.0,0.0,0.0,0
2022-12-15,0.0,-452.0,452.0,0
2022-12-16,-1364.9999999999977,-1364.9999999999977,0.0,0
2022-12-19,-1040.0000000000005,-1040.0000000000005,0.0,0
2022-12-20,1234.9999999999995,1234.9999999999995,0.0,0
2022-12-21,3355.000000000001,3355.000000000001,0.0,0
2022-12-22,-3609.9999999999995,-4126.999999999998,516.9999999999991,0
2022-12-23,0.0,0.0,0.0,0
2022-12-27,0.0,0.0,0.0,0
2022-12-28,0.0,0.0,0.0,0
2022-12-29,0.0,0.0,0.0,0
2022-12-30,0.0,0.0,0.0,0
2023-01-03,0.0,0.0,0.0,0
2023-01-04,0.0,0.0,0.0,0
2023-01-05,0.0,0.0,0.0,0
2023-01-06,0.0,0.0,0.0,0
2023-01-09,0.0,0.0,0.0,0
2023-01-10,0.0,0.0,0.0,0
2023-01-11,0.0,0.0,0.0,0
2023-01-12,0.0,0.0,0.0,0
2023-01-13,0.0,-387.0000000000001,387.0000000000001,0
2023-01-17,725.0,725.0,0.0,0
2023-01-18,-214.99999999999773,-214.99999999999773,0.0,0
2023-01-19,-200.0,-200.0,0.0,0
2023-01-20,1005.0000000000011,1005.0000000000011,0.0,0
2023-01-23,-205.00000000000114,-572.000000000001,366.9999999999999,0
2023-01-24,0.0,0.0,0.0,0
2023-01-25,0.0,0.0,0.0,0
2023-01-26,0.0,-137.00000000000014,137.00000000000014,0
2023-01-27,-125.0,-125.0,0.0,0
2023-01-30,775.0,775.0,0.0,0
2023-01-31,-705.0000000000011,-705.0000000000011,0.0,0
2023-02-01,-1380.0000000000011,-1380.0000000000011,0.0,0
2023-02-02,-1444.9999999999989,-2131.999999999998,686.9999999999994,0
2023-02-03,0.0,-112.00000000000014,112.00000000000014,0
2023-02-06,-320.0000000000017,-320.0000000000017,0.0,0
2023-02-07,1040.0000000000005,1040.0000000000005,0.0,0
2023-02-08,-590.0000000000006,-590.0000000000006,0.0,0
2023-02-09,-1254.9999999999982,-1254.9999999999982,0.0,0
2023-02-10,574.9999999999972,392.9999999999967,182.00000000000043,0
2023-02-13,0.0,0.0,0.0,0
2023-02-14,0.0,0.0,0.0,0
2023-02-15,0.0,0.0,0.0,0
2023-02-16,0.0,-527.0,527.0,0
2023-02-17,384.99999999999943,384.99999999999943,0.0,0
2023-02-21,-2815.0000000000005,-2815.0000000000005,0.0,0
2023-02-22,730.0000000000011,730.0000000000011,0.0,0
2023-02-23,824.9999999999972,824.9999999999972,0.0,0
2023-02-24,-2504.999999999998,-2681.999999999998,177.0,0
2023-02-27,0.0,0.0,0.0,0
2023-02-28,0.0,0.0,0.0,0
2023-03-01,0.0,0.0,0.0,0
2023-03-02,0.0,0.0,0.0,0
2023-03-03,0.0,0.0,0.0,0
2023-03-06,0.0,0.0,0.0,0
2023-03-07,0.0,0.0,0.0,0
2023-03-08,0.0,0.0,0.0,0
2023-03-09,0.0,0.0,0.0,0
2023-03-10,0.0,0.0,0.0,0
2023-03-13,0.0,-241.99999999999986,241.99999999999986,0
2023-03-14,1140.0000000000005,1140.0000000000005,0.0,0
2023-03-15,-310.0000000000023,-310.0000000000023,0.0,0
2023-03-16,-409.99999999999943,-409.99999999999943,0.0,0
2023-03-17,525.0,525.0,0.0,0
2023-03-20,34.99999999999943,-307.00000000000045,341.9999999999999,0
2023-03-21,0.0,-156.99999999999972,156.99999999999972,0
2023-03-22,1280.0000000000011,1280.0000000000011,0.0,0
2023-03-23,229.9999999999983,229.9999999999983,0.0,0
2023-03-24,229.9999999999983,229.9999999999983,0.0,0
2023-03-27,1565.0000000000034,1565.0000000000034,0.0,0
2023-03-28,929.9999999999983,797.9999999999986,131.99999999999972,0
2023-03-29,0.0,0.0,0.0,0
2023-03-30,0.0,0.0,0.0,0
2023-03-31,0.0,-126.99999999999964,126.99999999999964,0
2023-04-03,534.9999999999994,534.9999999999994,0.0,0
2023-04-04,1045.0000000000018,1045.0000000000018,0.0,0
2023-04-05,929.9999999999983,929.9999999999983,0.0,0
2023-04-06,150.00000000000284,150.00000000000284,0.0,0
2023-04-10,474.99999999999716,402.9999999999972,71.99999999999993,0
2023-04-11,0.0,0.0,0.0,0
2023-04-12,0.0,0.0,0.0,0
2023-04-13,0.0,0.0,0.0,0
2023-04-14,0.0,-202.0,202.0,0
2023-04-17,619.9999999999989,619.9999999999989,0.0,0
2023-04-18,350.0000000000014,350.0000000000014,0.0,0
2023-04-19,489.99999999999915,489.99999999999915,0.0,0
2023-04-20,220.00000000000028,220.00000000000028,0.0,0
2023-04-21,615.0000000000006,458.0000000000005,157.00000000000006,0
2023-04-24,0.0,-172.00000000000028,172.00000000000028,0
2023-04-25,-259.99999999999943,-259.99999999999943,0.0,0
2023-04-26,164.99999999999773,164.99999999999773,0.0,0
2023-04-27,890.000000000002,890.000000000002,0.0,0
2023-04-28,-150.0,-150.0,0.0,0
2023-05-01,1090.0000000000005,833.0,257.00000000000045,0
2023-05-02,0.0,-166.99999999999986,166.99999999999986,0
2023-05-03,-1225.0000000000027,-1225.0000000000027,0.0,0
2023-05-04,-634.9999999999994,-634.9999999999994,0.0,0
2023-05-05,3405.000000000001,3405.000000000001,0.0,0
2023-05-08,959.9999999999994,959.9999999999994,0.0,0
2023-05-09,-415.00000000000057,-612.0000000000001,196.99999999999957,0
2023-05-10,0.0,0.0,0.0,0
2023-05-11,0.0,-106.99999999999972,106.99999999999972,0
2023-05-12,615.0000000000006,615.0000000000006,0.0,0
2023-05-15,589.9999999999977,589.9999999999977,0.0,0
2023-05-16,40.00000000000057,40.00000000000057,0.0,0
2023-05-17,-50.0,-50.0,0.0,0
2023-05-18,-1234.9999999999995,-1411.9999999999998,177.00000000000017,0
2023-05-19,0.0,-112.00000000000014,112.00000000000014,0
2023-05-22,175.0,175.0,0.0,0
2023-05-23,-139.99999999999915,-139.99999999999915,0.0,0
2023-05-24,-220.00000000000313,-220.00000000000313,0.0,0
2023-05-25,365.00000000000057,365.00000000000057,0.0,0
2023-05-26,460.00000000000085,348.00000000000034,112.0000000000005,0
2023-05-30,0.0,-96.99999999999993,96.99999999999993,0
2023-05-31,785.0000000000009,785.0000000000009,0.0,0
2023-06-01,570.0000000000002,570.0000000000002,0.0,0
2023-06-02,-2004.9999999999998,-2004.9999999999998,0.0,0
2023-06-05,979.9999999999983,979.9999999999983,0.0,0
2023-06-06,-184.99999999999943,-376.99999999999943,192.00000000000003,0
2023-06-07,0.0,0.0,0.0,0
2023-06-08,0.0,-187.00000000000014,187.00000000000014,0
2023-06-09,-230.00000000000114,-230.00000000000114,0.0,0
2023-06-12,-2364.9999999999977,-2364.9999999999977,0.0,0
2023-06-13,-1215.0000000000034,-1215.0000000000034,0.0,0
2023-06-14,115.00000000000341,115.00000000000341,0.0,0
2023-06-15,-3630.000000000001,-3772.0000000000005,141.9999999999997,0
2023-06-16,0.0,-102.0,102.0,0
2023-06-20,470.0000000000017,470.0000000000017,0.0,0
2023-06-21,554.9999999999983,554.9999999999983,0.0,0
2023-06-22,845.0000000000017,845.0000000000017,0.0,0
2023-06-23,-830.0000000000011,-830.0000000000011,0.0,0
2023-06-26,-409.99999999999943,-511.99999999999943,102.0,0
2023-06-27,0.0,0.0,0.0,0
2023-06-28,0.0,-141.99999999999986,141.99999999999986,0
2023-06-29,-5.000000000001137,-5.000000000001137,0.0,0
2023-06-30,-1750.0,-1750.0,0.0,0
2023-07-03,-210.00000000000227,-210.00000000000227,0.0,0
2023-07-05,540.0000000000006,540.0000000000006,0.0,0
2023-07-06,1120.0000000000018,1013.0000000000025,106.99999999999936,0
2023-07-07,0.0,0.0,0.0,0
2023-07-10,0.0,0.0,0.0,0
2023-07-11,0.0,0.0,0.0,0
2023-07-12,0.0,0.0,0.0,0
2023-07-13,0.0,-127.00000000000071,127.00000000000071,0
2023-07-14,619.9999999999989,619.9999999999989,0.0,0
2023-07-17,-314.9999999999977,-314.9999999999977,0.0,0
2023-07-18,-1540.0000000000005,-1540.0000000000005,0.0,0
2023-07-19,-900.0,-900.0,0.0,0
2023-07-20,1869.9999999999989,1617.9999999999989,252.0,0
2023-07-21,0.0,0.0,0.0,0
2023-07-24,0.0,-112.0000000000005,112.0000000000005,0
2023-07-25,-495.0000000000003,-495.0000000000003,0.0,0
2023-07-26,1140.0000000000005,1140.0000000000005,0.0,0
2023-07-27,395.0000000000003,395.0000000000003,0.0,0
2023-07-28,-475.0000000000014,-475.0000000000014,0.0,0
2023-07-31,-169.99999999999886,-266.999999999999,97.00000000000011,0
2023-08-01,0.0,0.0,0.0,0
2023-08-02,0.0,0.0,0.0,0
2023-08-03,0.0,0.0,0.0,0
2023-08-04,0.0,0.0,0.0,0
2023-08-07,0.0,-102.0,102.0,0
2023-08-08,759.9999999999994,759.9999999999994,0.0,0
2023-08-09,505.00000000000114,505.00000000000114,0.0,0
2023-08-10,424.9999999999986,424.9999999999986,0.0,0
2023-08-11,1050.0,1050.0,0.0,0
2023-08-14,360.00000000000085,258.00000000000085,102.0,0
2023-08-15,0.0,0.0,0.0,0
2023-08-16,0.0,0.0,0.0,0
2023-08-17,0.0,-147.00000000000028,147.00000000000028,0
2023-08-18,815.0000000000006,815.0000000000006,0.0,0
2023-08-21,769.9999999999989,769.9999999999989,0.0,0
2023-08-22,515.000000000002,515.000000000002,0.0,0
2023-08-23,-1124.9999999999986,-1124.9999999999986,0.0,0
2023-08-24,1719.9999999999975,1607.9999999999982,111.99999999999943,0
2023-08-25,0.0,-96.99999999999993,96.99999999999993,0
2023-08-28,-184.99999999999943,-184.99999999999943,0.0,0
2023-08-29,-3090.0000000000005,-3090.0000000000005,0.0,0
2023-08-30,-940.0000000000006,-940.0000000000006,0.0,0
2023-08-31,1125.0,1125.0,0.0,0
2023-09-01,230.00000000000114,-56.99999999999858,286.9999999999997,0
2023-09-05,0.0,-97.00000000000028,97.00000000000028,0
2023-09-06,64.99999999999915,64.99999999999915,0.0,0
2023-09-07,-39.999999999997726,-39.999999999997726,0.0,0
2023-09-08,769.9999999999989,769.9999999999989,0.0,0
2023-09-11,804.9999999999998,804.9999999999998,0.0,0
2023-09-12,-300.0000000000014,-557.0000000000018,257.00000000000045,0
2023-09-13,0.0,0.0,0.0,0
2023-09-14,0.0,0.0,0.0,0
2023-09-15,0.0,0.0,0.0,0
2023-09-18,0.0,0.0,0.0,0
2023-09-19,0.0,0.0,0.0,0
2023-09-20,0.0,0.0,0.0,0
2023-09-21,0.0,0.0,0.0,0
2023-09-22,0.0,0.0,0.0,0
2023-09-25,0.0,0.0,0.0,0
2023-09-26,0.0,0.0,0.0,0
2023-09-27,0.0,0.0,0.0,0
2023-09-28,0.0,0.0,0.0,0
2023-09-29,0.0,0.0,0.0,0
2023-10-02,0.0,0.0,0.0,0
2023-10-03,0.0,0.0,0.0,0
2023-10-04,0.0,0.0,0.0,0
2023-10-05,0.0,0.0,0.0,0
2023-10-06,0.0,0.0,0.0,0
2023-10-09,0.0,0.0,0.0,0
2023-10-10,0.0,0.0,0.0,0
2023-10-11,0.0,0.0,0.0,0
2023-10-12,0.0,0.0,0.0,0
2023-10-13,0.0,0.0,0.0,0
2023-10-16,0.0,0.0,0.0,0
2023-10-17,0.0,0.0,0.0,0
2023-10-18,0.0,0.0,0.0,0
2023-10-19,0.0,0.0,0.0,0
2023-10-20,0.0,0.0,0.0,0
2023-10-23,0.0,0.0,0.0,0
2023-10-24,0.0,0.0,0.0,0
2023-10-25,0.0,0.0,0.0,0
2023-10-26,0.0,0.0,0.0,0
2023-10-27,0.0,0.0,0.0,0
2023-10-30,0.0,0.0,0.0,0
2023-10-31,0.0,0.0,0.0,0
2023-11-01,0.0,0.0,0.0,0
2023-11-02,0.0,0.0,0.0,0
2023-11-03,0.0,0.0,0.0,0
2023-11-06,0.0,0.0,0.0,0
2023-11-07,0.0,0.0,0.0,0
2023-11-08,0.0,0.0,0.0,0
2023-11-09,0.0,0.0,0.0,0
2023-11-10,0.0,0.0,0.0,0
2023-11-13,0.0,0.0,0.0,0
2023-11-14,0.0,0.0,0.0,0
2023-11-15,0.0,0.0,0.0,0
2023-11-16,0.0,0.0,0.0,0
2023-11-17,0.0,0.0,0.0,0
2023-11-20,0.0,0.0,0.0,0
2023-11-21,0.0,0.0,0.0,0
2023-11-22,0.0,0.0,0.0,0
2023-11-24,0.0,0.0,0.0,0
2023-11-27,0.0,0.0,0.0,0
2023-11-28,0.0,0.0,0.0,0
2023-11-29,0.0,0.0,0.0,0
2023-11-30,0.0,0.0,0.0,0
2023-12-01,0.0,0.0,0.0,0
2023-12-04,0.0,0.0,0.0,0
2023-12-05,0.0,0.0,0.0,0
2023-12-06,0.0,0.0,0.0,0
2023-12-07,0.0,0.0,0.0,0
2023-12-08,0.0,0.0,0.0,0
2023-12-11,0.0,0.0,0.0,0
2023-12-12,0.0,-152.0,152.0,0
2023-12-13,-2875.0,-2875.0,0.0,0
2023-12-14,-765.0000000000006,-765.0000000000006,0.0,0
2023-12-15,315.00000000000057,315.00000000000057,0.0,0
2023-12-18,-1404.9999999999982,-1404.9999999999982,0.0,0
2023-12-19,-2015.0000000000005,-2352.000000000001,337.00000000000057,0
2023-12-20,0.0,-241.99999999999986,241.99999999999986,0
2023-12-21,250.0,250.0,0.0,0
2023-12-22,700.0,700.0,0.0,0
2023-12-26,589.9999999999991,589.9999999999991,0.0,0
2023-12-27,575.0000000000014,575.0000000000014,0.0,0
2023-12-28,334.99999999999943,262.99999999999915,72.00000000000028,0
2023-12-29,0.0,0.0,0.0,0
2024-01-02,0.0,-66.99999999999986,66.99999999999986,0
2024-01-03,-479.9999999999997,-479.9999999999997,0.0,0
2024-01-04,-205.00000000000114,-205.00000000000114,0.0,0
2024-01-05,729.9999999999998,729.9999999999998,0.0,0
2024-01-08,1480.0000000000011,1480.0000000000011,0.0,0
2024-01-09,605.0000000000011,548.000000000001,57.00000000000007,0
2024-01-10,0.0,0.0,0.0,0
2024-01-11,0.0,0.0,0.0,0
2024-01-12,0.0,0.0,0.0,0
2024-01-16,0.0,0.0,0.0,0
2024-01-17,0.0,0.0,0.0,0
2024-01-18,0.0,0.0,0.0,0
2024-01-19,0.0,0.0,0.0,0
2024-01-22,0.0,0.0,0.0,0
2024-01-23,0.0,0.0,0.0,0
2024-01-24,0.0,0.0,0.0,0
2024-01-25,0.0,0.0,0.0,0
2024-01-26,0.0,0.0,0.0,0
2024-01-29,0.0,0.0,0.0,0
2024-01-30,0.0,0.0,0.0,0
2024-01-31,0.0,0.0,0.0,0
2024-02-01,0.0,0.0,0.0,0
2024-02-02,0.0,-291.9999999999999,291.9999999999999,0
2024-02-05,1415.0000000000005,1415.0000000000005,0.0,0
2024-02-06,59.99999999999943,59.99999999999943,0.0,0
2024-02-07,-1890.0000000000005,-1890.0000000000005,0.0,0
2024-02-08,280.00000000000114,280.00000000000114,0.0,0
2024-02-09,-1719.9999999999989,-2276.9999999999995,557.0000000000006,0
2024-02-12,0.0,0.0,0.0,0
2024-02-13,0.0,0.0,0.0,0
2024-02-14,0.0,-432.00000000000045,432.00000000000045,0
2024-02-15,-1310.0000000000023,-1310.0000000000023,0.0,0
2024-02-16,1710.0000000000023,1710.0000000000023,0.0,0
2024-02-20,1004.9999999999983,1004.9999999999983,0.0,0
2024-02-21,-395.0000000000017,-395.0000000000017,0.0,0
2024-02-22,-3930.000000000001,-5342.000000000002,1412.0000000000007,0
2024-02-23,0.0,-57.00000000000007,57.00000000000007,0
2024-02-26,685.0000000000009,685.0000000000009,0.0,0
2024-02-27,434.99999999999943,434.99999999999943,0.0,0
2024-02-28,50.0,50.0,0.0,0
2024-02-29,200.0,200.0,0.0,0
2024-03-01,-689.9999999999991,-1106.9999999999986,416.99999999999966,0
2024-03-04,0.0,0.0,0.0,0
2024-03-05,0.0,0.0,0.0,0
2024-03-06,0.0,0.0,0.0,0
2024-03-07,0.0,-152.00000000000034,152.00000000000034,0
2024-03-08,860.0000000000023,860.0000000000023,0.0,0
2024-03-11,429.99999999999545,429.99999999999545,0.0,0
2024-03-12,-454.99999999999545,-454.99999999999545,0.0,0
2024-03-13,664.9999999999977,664.9999999999977,0.0,0
2024-03-14,484.99999999999943,77.99999999999898,407.00000000000045,0
2024-03-15,0.0,0.0,0.0,0
2024-03-18,0.0,0.0,0.0,0
2024-03-19,0.0,0.0,0.0,0
2024-03-20,0.0,0.0,0.0,0
2024-03-21,0.0,0.0,0.0,0
2024-03-22,0.0,0.0,0.0,0
2024-03-25,0.0,-96.99999999999993,96.99999999999993,0
2024-03-26,604.9999999999983,604.9999999999983,0.0,0
2024-03-27,-104.99999999999972,-104.99999999999972,0.0,0
2024-03-28,125.0,125.0,0.0,0
2024-04-01,715.0000000000006,715.0000000000006,0.0,0
2024-04-02,-120.0000000000017,-217.00000000000165,96.99999999999993,0
2024-04-03,0.0,0.0,0.0,0
2024-04-04,0.0,0.0,0.0,0
2024-04-05,0.0,-141.9999999999995,141.9999999999995,0
2024-04-08,1164.9999999999977,1164.9999999999977,0.0,0
2024-04-09,-170.0000000000017,-170.0000000000017,0.0,0
2024-04-10,1865.0000000000005,1865.0000000000005,0.0,0
2024-04-11,-344.999999999996,-344.999999999996,0.0,0
2024-04-12,494.99999999999886,402.999999999999,91.99999999999986,0
2024-04-15,0.0,-132.00000000000043,132.00000000000043,0
2024-04-16,784.9999999999994,784.9999999999994,0.0,0
2024-04-17,-344.99999999999886,-344.99999999999886,0.0,0
2024-04-18,184.99999999999943,184.99999999999943,0.0,0
2024-04-19,-1784.9999999999995,-1784.9999999999995,0.0,0
2024-04-22,3494.999999999999,2847.999999999998,647.000000000001,0
2024-04-23,0.0,0.0,0.0,0
2024-04-24,0.0,0.0,0.0,0
2024-04-25,0.0,-91.99999999999986,91.99999999999986,0
2024-04-26,435.0000000000023,435.0000000000023,0.0,0
2024-04-29,434.99999999999943,434.99999999999943,0.0,0
2024-04-30,854.9999999999983,854.9999999999983,0.0,0
2024-05-01,390.0000000000034,390.0000000000034,0.0,0
2024-05-02,584.9999999999966,142.99999999999636,442.0000000000002,0
2024-05-03,0.0,0.0,0.0,0
2024-05-06,0.0,0.0,0.0,0
2024-05-07,0.0,0.0,0.0,0
2024-05-08,0.0,0.0,0.0,0
2024-05-09,0.0,0.0,0.0,0
2024-05-10,0.0,-112.0000000000005,112.0000000000005,0
2024-05-13,-25.0,-25.0,0.0,0
2024-05-14,-140.00000000000057,-140.00000000000057,0.0,0
2024-05-15,-1764.999999999999,-1764.999999999999,0.0,0
2024-05-16,1115.0000000000005,1115.0000000000005,0.0,0
2024-05-17,-200.0,-716.9999999999999,516.9999999999999,0
2024-05-20,0.0,-97.00000000000028,97.00000000000028,0
2024-05-21,95.0000000000017,95.0000000000017,0.0,0
2024-05-22,709.9999999999994,709.9999999999994,0.0,0
2024-05-23,290.00000000000057,290.00000000000057,0.0,0
2024-05-24,529.9999999999998,529.9999999999998,0.0,0
2024-05-28,10.000000000000853,-81.999999999999,91.99999999999986,0
2024-05-29,0.0,0.0,0.0,0
2024-05-30,0.0,0.0,0.0,0
2024-05-31,0.0,0.0,0.0,0
2024-06-03,0.0,0.0,0.0,0
2024-06-04,0.0,0.0,0.0,0
2024-06-05,0.0,0.0,0.0,0
2024-06-06,0.0,0.0,0.0,0
2024-06-07,0.0,0.0,0.0,0
2024-06-10,0.0,-102.00000000000071,102.00000000000071,0
2024-06-11,-140.00000000000057,-140.00000000000057,0.0,0
2024-06-12,-1184.9999999999995,-1184.9999999999995,0.0,0
2024-06-13,270.0000000000017,270.0000000000017,0.0,0
2024-06-14,-485.0000000000023,-485.0000000000023,0.0,0
2024-06-17,-2329.999999999998,-3171.999999999998,842.0,0
2024-06-18,0.0,0.0,0.0,0
2024-06-20,0.0,0.0,0.0,0
2024-06-21,0.0,0.0,0.0,0
2024-06-24,0.0,0.0,0.0,0
2024-06-25,0.0,0.0,0.0,0
2024-06-26,0.0,0.0,0.0,0
2024-06-27,0.0,0.0,0.0,0
2024-06-28,0.0,0.0,0.0,0
2024-07-01,0.0,0.0,0.0,0
2024-07-02,0.0,0.0,0.0,0
2024-07-03,0.0,0.0,0.0,0
2024-07-05,0.0,0.0,0.0,0
2024-07-08,0.0,0.0,0.0,0
2024-07-09,0.0,0.0,0.0,0
2024-07-10,0.0,0.0,0.0,0
2024-07-11,0.0,0.0,0.0,0
2024-07-12,0.0,0.0,0.0,0
2024-07-15,0.0,0.0,0.0,0
2024-07-16,0.0,0.0,0.0,0
2024-07-17,0.0,0.0,0.0,0
2024-07-18,0.0,0.0,0.0,0
2024-07-19,0.0,0.0,0.0,0
2024-07-22,0.0,0.0,0.0,0
2024-07-23,0.0,0.0,0.0,0
2024-07-24,0.0,0.0,0.0,0
2024-07-25,0.0,0.0,0.0,0
2024-07-26,0.0,0.0,0.0,0
2024-07-29,0.0,0.0,0.0,0
2024-07-30,0.0,0.0,0.0,0
2024-07-31,0.0,0.0,0.0,0
2024-08-01,0.0,0.0,0.0,0
2024-08-02,0.0,0.0,0.0,0
2024-08-05,0.0,0.0,0.0,0
2024-08-06,0.0,0.0,0.0,0
2024-08-07,0.0,0.0,0.0,0
2024-08-08,0.0,0.0,0.0,0
2024-08-09,0.0,0.0,0.0,0
2024-08-12,0.0,0.0,0.0,0
2024-08-13,0.0,0.0,0.0,0
2024-08-14,0.0,0.0,0.0,0
2024-08-15,0.0,0.0,0.0,0
2024-08-16,0.0,0.0,0.0,0
2024-08-19,0.0,0.0,0.0,0
2024-08-20,0.0,0.0,0.0,0
2024-08-21,0.0,0.0,0.0,0
2024-08-22,0.0,0.0,0.0,0
2024-08-23,0.0,0.0,0.0,0
2024-08-26,0.0,0.0,0.0,0
2024-08-27,0.0,0.0,0.0,0
2024-08-28,0.0,0.0,0.0,0
2024-08-29,0.0,0.0,0.0,0
2024-08-30,0.0,0.0,0.0,0
2024-09-03,0.0,0.0,0.0,0
2024-09-04,0.0,0.0,0.0,0
2024-09-05,0.0,0.0,0.0,0
2024-09-06,0.0,0.0,0.0,0
2024-09-09,0.0,0.0,0.0,0
2024-09-10,0.0,0.0,0.0,0
2024-09-11,0.0,0.0,0.0,0
2024-09-12,0.0,0.0,0.0,0
2024-09-13,0.0,0.0,0.0,0
2024-09-16,0.0,0.0,0.0,0
2024-09-17,0.0,0.0,0.0,0
2024-09-18,0.0,0.0,0.0,0
2024-09-19,0.0,0.0,0.0,0
2024-09-20,0.0,0.0,0.0,0
2024-09-23,0.0,0.0,0.0,0
2024-09-24,0.0,0.0,0.0,0
2024-09-25,0.0,0.0,0.0,0
2024-09-26,0.0,0.0,0.0,0
2024-09-27,0.0,0.0,0.0,0
2024-09-30,0.0,0.0,0.0,0
2024-10-01,0.0,0.0,0.0,0
2024-10-02,0.0,0.0,0.0,0
2024-10-03,0.0,0.0,0.0,0
2024-10-04,0.0,0.0,0.0,0
2024-10-07,0.0,0.0,0.0,0
2024-10-08,0.0,0.0,0.0,0
2024-10-09,0.0,0.0,0.0,0
2024-10-10,0.0,0.0,0.0,0
2024-10-11,0.0,0.0,0.0,0
2024-10-14,0.0,0.0,0.0,0
2024-10-15,0.0,0.0,0.0,0
2024-10-16,0.0,0.0,0.0,0
2024-10-17,0.0,0.0,0.0,0
2024-10-18,0.0,0.0,0.0,0
2024-10-21,0.0,0.0,0.0,0
2024-10-22,0.0,0.0,0.0,0
2024-10-23,0.0,0.0,0.0,0
2024-10-24,0.0,0.0,0.0,0
2024-10-25,0.0,0.0,0.0,0
2024-10-28,0.0,0.0,0.0,0
2024-10-29,0.0,0.0,0.0,0
2024-10-30,0.0,0.0,0.0,0
2024-10-31,0.0,0.0,0.0,0
2024-11-01,0.0,-207.00000000000114,207.00000000000114,0
2024-11-04,1335.0000000000023,1335.0000000000023,0.0,0
2024-11-05,-1170.0000000000018,-1170.0000000000018,0.0,0
2024-11-06,-5570.000000000002,-5570.000000000002,0.0,0
2024-11-07,-2700.0,-2700.0,0.0,0
2024-11-08,-1290.0000000000034,-1802.0000000000018,511.99999999999835,0
2024-11-11,0.0,-141.99999999999986,141.99999999999986,0
2024-11-12,680.0000000000011,680.0000000000011,0.0,0
2024-11-13,864.9999999999977,864.9999999999977,0.0,0
2024-11-14,555.0000000000011,555.0000000000011,0.0,0
2024-11-15,-2624.9999999999973,-2624.9999999999973,0.0,0
2024-11-18,1469.999999999996,792.9999999999959,677.0,0
2024-11-19,0.0,0.0,0.0,0
2024-11-20,0.0,0.0,0.0,0
2024-11-21,0.0,0.0,0.0,0
2024-11-22,0.0,0.0,0.0,0
2024-11-25,0.0,-127.00000000000036,127.00000000000036,0
2024-11-26,-429.9999999999983,-429.9999999999983,0.0,0
2024-11-27,1409.9999999999995,1409.9999999999995,0.0,0
2024-11-29,0.0,0.0,0.0,1
2024-12-02,0.0,0.0,0.0,1
2024-12-03,-669.9999999999989,-1376.9999999999995,707.0000000000006,0
2024-12-04,0.0,0.0,0.0,0
2024-12-05,0.0,0.0,0.0,0
2024-12-06,0.0,0.0,0.0,0
2024-12-09,0.0,0.0,0.0,0
2024-12-10,0.0,0.0,0.0,0
2024-12-11,0.0,0.0,0.0,0
2024-12-12,0.0,0.0,0.0,0
2024-12-13,0.0,0.0,0.0,0
2024-12-16,0.0,0.0,0.0,0
2024-12-17,0.0,0.0,0.0,0
2024-12-18,0.0,0.0,0.0,0
2024-12-19,0.0,0.0,0.0,0
2024-12-20,0.0,0.0,0.0,0
2024-12-23,0.0,0.0,0.0,0
2024-12-24,0.0,0.0,0.0,0
2024-12-26,0.0,0.0,0.0,0
2024-12-27,0.0,0.0,0.0,0
2024-12-30,0.0,0.0,0.0,0
2024-12-31,0.0,0.0,0.0,0
2025-01-02,0.0,0.0,0.0,0
2025-01-03,0.0,0.0,0.0,0
2025-01-06,0.0,0.0,0.0,0
2025-01-07,0.0,0.0,0.0,0
2025-01-08,0.0,0.0,0.0,0
2025-01-10,0.0,0.0,0.0,0
2025-01-13,0.0,0.0,0.0,0
2025-01-14,0.0,0.0,0.0,0
2025-01-15,0.0,0.0,0.0,0
2025-01-16,0.0,0.0,0.0,0
2025-01-17,0.0,0.0,0.0,0
2025-01-21,0.0,0.0,0.0,0
2025-01-22,0.0,0.0,0.0,0
2025-01-23,0.0,0.0,0.0,0
2025-01-24,0.0,0.0,0.0,0
2025-01-27,0.0,0.0,0.0,0
2025-01-28,0.0,0.0,0.0,0
2025-01-29,0.0,0.0,0.0,0
2025-01-30,0.0,0.0,0.0,0
2025-01-31,0.0,0.0,0.0,0
2025-02-03,0.0,0.0,0.0,0
2025-02-04,0.0,0.0,0.0,0
2025-02-05,0.0,0.0,0.0,0
2025-02-06,0.0,0.0,0.0,0
2025-02-07,0.0,0.0,0.0,0
2025-02-10,0.0,0.0,0.0,0
2025-02-11,0.0,0.0,0.0,0
2025-02-12,0.0,0.0,0.0,0
2025-02-13,0.0,0.0,0.0,0
2025-02-14,0.0,0.0,0.0,0
2025-02-18,0.0,0.0,0.0,0
2025-02-19,0.0,0.0,0.0,0
2025-02-20,0.0,0.0,0.0,0
2025-02-21,0.0,0.0,0.0,0
2025-02-24,0.0,0.0,0.0,0
2025-02-25,0.0,0.0,0.0,0
2025-02-26,0.0,0.0,0.0,0
2025-02-27,0.0,0.0,0.0,0
2025-02-28,0.0,0.0,0.0,0
2025-03-03,0.0,0.0,0.0,0
2025-03-04,0.0,0.0,0.0,0
2025-03-05,0.0,0.0,0.0,0
2025-03-06,0.0,0.0,0.0,0
2025-03-07,0.0,0.0,0.0,0
2025-03-10,0.0,0.0,0.0,0
2025-03-11,0.0,0.0,0.0,0
2025-03-12,0.0,0.0,0.0,0
2025-03-13,0.0,0.0,0.0,0
2025-03-14,0.0,0.0,0.0,0
2025-03-17,0.0,0.0,0.0,0
2025-03-18,0.0,0.0,0.0,0
2025-03-19,0.0,0.0,0.0,0
2025-03-20,0.0,0.0,0.0,0
2025-03-21,0.0,0.0,0.0,0
2025-03-24,0.0,0.0,0.0,0
2025-03-25,0.0,0.0,0.0,0
2025-03-26,0.0,0.0,0.0,0
2025-03-27,0.0,0.0,0.0,0
2025-03-28,0.0,0.0,0.0,0
2025-03-31,0.0,-461.99999999999943,461.99999999999943,0
2025-04-01,-294.99999999999886,-294.99999999999886,0.0,0
2025-04-02,125.0,125.0,0.0,0
2025-04-03,-5900.0,-5900.0,0.0,0
2025-04-04,-24555.000000000007,-24555.000000000007,0.0,0
2025-04-07,1870.0000000000045,503.0000000000068,1366.9999999999977,0
2025-04-08,0.0,0.0,0.0,0
2025-04-09,0.0,0.0,0.0,0
2025-04-10,0.0,-1796.9999999999989,1796.9999999999989,0
2025-04-11,2744.999999999999,2744.999999999999,0.0,0
2025-04-14,7460.000000000002,7460.000000000002,0.0,0
2025-04-15,2194.999999999999,2194.999999999999,0.0,0
2025-04-16,-3589.9999999999977,-3589.9999999999977,0.0,0
2025-04-17,3605.000000000001,3423.0000000000014,181.99999999999972,0
2025-04-21,0.0,-161.99999999999943,161.99999999999943,0
2025-04-22,2750.0,2750.0,0.0,0
2025-04-23,-539.9999999999977,-539.9999999999977,0.0,0
2025-04-24,-3465.0000000000036,-3465.0000000000036,0.0,0
2025-04-25,-234.9999999999966,-234.9999999999966,0.0,0
2025-04-28,1269.9999999999989,227.99999999999727,1042.0000000000016,0
2025-04-29,0.0,0.0,0.0,0
2025-04-30,0.0,0.0,0.0,0
2025-05-01,0.0,0.0,0.0,0
2025-05-02,0.0,0.0,0.0,0
2025-05-05,0.0,0.0,0.0,0
2025-05-06,0.0,0.0,0.0,0
2025-05-07,0.0,0.0,0.0,0
2025-05-08,0.0,0.0,0.0,0
2025-05-09,0.0,0.0,0.0,0
2025-05-12,0.0,0.0,0.0,0
2025-05-13,0.0,0.0,0.0,0
2025-05-14,0.0,0.0,0.0,0
2025-05-15,0.0,0.0,0.0,0
2025-05-16,0.0,0.0,0.0,0
2025-05-19,0.0,0.0,0.0,0
2025-05-20,0.0,0.0,0.0,0
2025-05-21,0.0,0.0,0.0,0
2025-05-22,0.0,0.0,0.0,0
2025-05-23,0.0,0.0,0.0,0
2025-05-27,0.0,0.0,0.0,0
2025-05-28,0.0,0.0,0.0,0
2025-05-29,0.0,0.0,0.0,0
2025-05-30,0.0,0.0,0.0,0
2025-06-02,0.0,0.0,0.0,0
2025-06-03,0.0,0.0,0.0,0
2025-06-04,0.0,0.0,0.0,0
2025-06-05,0.0,0.0,0.0,0
2025-06-06,0.0,0.0,0.0,0
2025-06-09,0.0,0.0,0.0,0
2025-06-10,0.0,0.0,0.0,0
2025-06-11,0.0,0.0,0.0,0
2025-06-12,0.0,0.0,0.0,0
2025-06-13,0.0,0.0,0.0,0
2025-06-16,0.0,0.0,0.0,0
2025-06-17,0.0,0.0,0.0,0
2025-06-18,0.0,0.0,0.0,0
2025-06-20,0.0,0.0,0.0,0
2025-06-23,0.0,0.0,0.0,0
2025-06-24,0.0,0.0,0.0,0
2025-06-25,0.0,0.0,0.0,0
2025-06-26,0.0,0.0,0.0,0
2025-06-27,0.0,0.0,0.0,0
2025-06-30,0.0,0.0,0.0,0
2025-07-01,0.0,0.0,0.0,0
2025-07-02,0.0,0.0,0.0,0
2025-07-03,0.0,0.0,0.0,0
2025-07-07,0.0,0.0,0.0,0
2025-07-08,0.0,0.0,0.0,0
2025-07-09,0.0,0.0,0.0,0
2025-07-10,0.0,0.0,0.0,0
2025-07-11,0.0,0.0,0.0,0
2025-07-14,0.0,0.0,0.0,0
2025-07-15,0.0,0.0,0.0,0
2025-07-16,0.0,0.0,0.0,0
2025-07-17,0.0,0.0,0.0,0
2025-07-18,0.0,0.0,0.0,0
2025-07-21,0.0,0.0,0.0,0
2025-07-22,0.0,0.0,0.0,0
2025-07-23,0.0,0.0,0.0,0
2025-07-24,0.0,0.0,0.0,0
2025-07-25,0.0,0.0,0.0,0
2025-07-28,0.0,0.0,0.0,0
2025-07-29,0.0,0.0,0.0,0
2025-07-30,0.0,0.0,0.0,0
2025-07-31,0.0,0.0,0.0,0
2025-08-01,0.0,0.0,0.0,0
2025-08-04,0.0,0.0,0.0,0
2025-08-05,0.0,0.0,0.0,0
2025-08-06,0.0,0.0,0.0,0
2025-08-07,0.0,0.0,0.0,0
2025-08-08,0.0,0.0,0.0,0
2025-08-11,0.0,0.0,0.0,0
2025-08-12,0.0,0.0,0.0,0
2025-08-13,0.0,0.0,0.0,0
2025-08-14,0.0,0.0,0.0,0
2025-08-15,0.0,0.0,0.0,0
2025-08-18,0.0,0.0,0.0,0
2025-08-19,0.0,0.0,0.0,0
2025-08-20,0.0,0.0,0.0,0
2025-08-21,0.0,0.0,0.0,0
2025-08-22,0.0,0.0,0.0,0
2025-08-25,0.0,0.0,0.0,0
2025-08-26,0.0,0.0,0.0,0
2025-08-27,0.0,0.0,0.0,0
2025-08-28,0.0,0.0,0.0,0
2025-08-29,0.0,0.0,0.0,0
2025-09-02,0.0,0.0,0.0,0
2025-09-03,0.0,0.0,0.0,0
2025-09-04,0.0,0.0,0.0,0
2025-09-05,0.0,0.0,0.0,0
2025-09-08,0.0,0.0,0.0,0
2025-09-09,0.0,0.0,0.0,0
2025-09-10,0.0,0.0,0.0,0
2025-09-11,0.0,0.0,0.0,0
2025-09-12,0.0,0.0,0.0,0
2025-09-15,0.0,0.0,0.0,0
2025-09-16,0.0,0.0,0.0,0
2025-09-17,0.0,0.0,0.0,0
2025-09-18,0.0,0.0,0.0,0
2025-09-19,0.0,0.0,0.0,0
2025-09-22,0.0,0.0,0.0,0
2025-09-23,0.0,0.0,0.0,0
2025-09-24,0.0,0.0,0.0,0
2025-09-25,0.0,0.0,0.0,0
2025-09-26,0.0,0.0,0.0,0
2025-09-29,0.0,0.0,0.0,0
2025-09-30,0.0,0.0,0.0,0
2025-10-01,0.0,0.0,0.0,0
2025-10-02,0.0,0.0,0.0,0
2025-10-03,0.0,0.0,0.0,0
2025-10-06,0.0,0.0,0.0,0
2025-10-07,0.0,0.0,0.0,0
2025-10-08,0.0,0.0,0.0,0
2025-10-09,0.0,0.0,0.0,0
2025-10-10,0.0,0.0,0.0,0
2025-10-13,0.0,-172.00000000000028,172.00000000000028,0
2025-10-14,-1030.0000000000011,-1030.0000000000011,0.0,0
2025-10-15,-1214.9999999999977,-1214.9999999999977,0.0,0
2025-10-16,-1600.0,-1600.0,0.0,0
2025-10-17,2629.9999999999955,2629.9999999999955,0.0,0
2025-10-20,-449.9999999999943,-1676.9999999999943,1227.0,0
2025-10-21,0.0,0.0,0.0,0
2025-10-22,0.0,0.0,0.0,0
2025-10-23,0.0,-102.0,102.0,0
2025-10-24,-820.0000000000017,-820.0000000000017,0.0,0
2025-10-27,-4074.9999999999973,-4074.9999999999973,0.0,0
2025-10-28,-1310.0000000000023,-1310.0000000000023,0.0,0
2025-10-29,230.00000000000114,230.00000000000114,0.0,0
2025-10-30,2394.999999999999,1222.9999999999998,1171.9999999999993,0
2025-10-31,0.0,0.0,0.0,0
2025-11-03,0.0,0.0,0.0,0
2025-11-04,0.0,0.0,0.0,0
2025-11-05,0.0,0.0,0.0,0
2025-11-06,0.0,0.0,0.0,0
2025-11-07,0.0,-166.99999999999986,166.99999999999986,0
2025-11-10,-450.0,-450.0,0.0,0
2025-11-11,-74.99999999999716,-74.99999999999716,0.0,0
2025-11-12,150.0,150.0,0.0,0
2025-11-13,2319.999999999999,2319.999999999999,0.0,0
2025-11-14,725.0,628.0000000000005,96.99999999999957,0
2025-11-17,0.0,-161.99999999999943,161.99999999999943,0
2025-11-18,-1600.0,-1600.0,0.0,0
2025-11-19,2935.0000000000023,2935.0000000000023,0.0,0
2025-11-20,-4485.000000000002,-4485.000000000002,0.0,0
2025-11-21,4939.999999999998,4939.999999999998,0.0,0
2025-11-24,3840.0000000000036,3698.0000000000036,141.99999999999986,0
2025-11-25,0.0,0.0,0.0,0
2025-11-26,0.0,0.0,0.0,0
2025-11-28,0.0,0.0,0.0,0
2025-12-01,0.0,0.0,0.0,0
2025-12-02,0.0,0.0,0.0,0
2025-12-03,0.0,0.0,0.0,0
2025-12-04,0.0,0.0,0.0,0
2025-12-05,0.0,0.0,0.0,0
2025-12-08,0.0,0.0,0.0,0
2025-12-09,0.0,0.0,0.0,0
2025-12-10,0.0,0.0,0.0,0
2025-12-11,0.0,0.0,0.0,0
2025-12-12,0.0,0.0,0.0,0
2025-12-15,0.0,0.0,0.0,0
2025-12-16,0.0,0.0,0.0,0
2025-12-17,0.0,0.0,0.0,0
2025-12-18,0.0,0.0,0.0,0
2025-12-19,0.0,0.0,0.0,0
2025-12-22,0.0,0.0,0.0,0
2025-12-23,0.0,0.0,0.0,0
2025-12-24,0.0,0.0,0.0,0
2025-12-26,0.0,0.0,0.0,0
2025-12-29,0.0,0.0,0.0,0
2025-12-30,0.0,0.0,0.0,0
2025-12-31,0.0,0.0,0.0,0
