date,option_pnl,hedge_pnl,cost,gross_pnl,total_pnl,long_pnl,short_pnl,gross_vega,n_positions
2025-03-06,101.27023713436265,229.7741346709617,0.0,331.0443718053243,331.0443718053243,871.0617877992678,-540.0174159939434,19086.84448533019,11
2025-03-07,-1076.911622425302,599.9632911054106,0.0,-476.94833131989157,-476.94833131989157,-1166.6214548814587,689.6731235615673,37591.13679776356,22
2025-03-10,-2467.595454085434,1705.1290133918442,0.0,-762.4664406935899,-762.4664406935899,5323.127547159859,-6085.593987853449,53345.69521276509,33
2025-03-11,2515.7256916783135,-2192.7625724978075,0.0,322.96311918050594,322.96311918050594,-241.06301447753128,564.0261336580371,52841.4367507919,33
2025-03-12,3732.1040242654894,-2477.611166919258,0.0,1254.4928573462312,1254.4928573462312,-1979.7461662818991,3234.2390236281303,51330.73986846703,33
2025-03-13,-638.6846104055818,3232.9559515129595,0.0,2594.2713411073773,2594.2713411073773,2075.4597612932153,518.8115798141624,48423.21072477314,33
2025-03-14,-3325.5274676266063,826.6476196511633,0.0,-2498.8798479754428,-2498.8798479754428,-3988.3540180833797,1489.4741701079365,46150.98302847673,33
2025-03-17,-2499.0799735295777,1058.6997316893242,0.0,-1440.3802418402536,-1440.3802418402536,-3473.358898125403,2032.9786562851496,56631.232353499014,44
2025-03-18,2022.9222603525725,2457.4466915424264,0.0,4480.368951895,4480.368951895,5176.752557629123,-696.3836057341229,75647.1536259752,87
2025-03-19,-6450.161485792752,4779.216141629528,0.0,-1670.9453441632234,-1670.9453441632234,-6420.003220046096,4749.057875882872,89006.79538289907,132
2025-03-20,-3489.2182900788907,2096.6230723616873,0.0,-1392.5952177172032,-1392.5952177172032,-3602.583194391285,2209.9879766740814,103757.71929501976,177
2025-03-21,14008.523520563724,-5229.854162089314,0.0,8778.669358474408,8778.669358474408,-1507.4368067356934,10286.106165210102,118864.39754748979,222
2025-03-24,-11371.998309496335,10841.045211332228,0.0,-530.9530981641082,-530.9530981641082,-3069.14685076884,2538.193752604732,122685.89784575683,267
2025-03-25,-3351.53477832795,767.1906187891044,0.0,-2584.3441595388454,-2584.3441595388454,-2029.0451889440883,-555.2989705947574,117560.19821993717,267
2025-03-26,4037.684592921445,4974.878527544447,0.0,9012.563120465893,9012.563120465893,8277.418871079064,735.1442493868282,132805.96558635007,280
2025-03-27,6790.611869319526,-5661.491580513747,0.0,1129.1202888057787,1129.1202888057787,2177.7652662700943,-1048.6449774643154,143507.1076891815,295
2025-03-28,11512.031873495245,-12119.69907327501,0.0,-607.6671997797625,-607.6671997797625,8649.746275702602,-9257.413475482364,152604.98207422165,312
2025-03-31,6685.143726613172,-101.47162467136849,0.0,6583.672101941804,6583.672101941804,3607.5740464925475,2976.0980554492553,151962.72805301068,327
2025-04-01,-4728.887762977375,-1087.8374783035272,0.0,-5816.725241280902,-5816.725241280902,-6574.666500710838,757.9412594299363,145462.5745300398,327
2025-04-02,-9049.20759529405,2166.0686219100457,0.0,-6883.138973384006,-6883.138973384006,-7041.618044296093,158.47907091208873,159897.00836552883,340
2025-04-03,24113.614782025707,-43052.58072446663,0.0,-18938.96594244092,-18938.96594244092,68275.79652359462,-87214.76246603554,139300.5884475939,353
2025-04-04,33555.675038393114,-17347.70793408947,0.0,16207.967104303641,16207.967104303641,74160.1069032474,-57952.13979894377,103865.68530864448,342
2025-04-07,-12105.193809003556,7318.890031022486,0.0,-4786.30377798107,-4786.30377798107,-1641.6249677440462,-3144.6788102370238,94928.44176059804,320
2025-04-08,26021.18828202571,-20503.237923013676,0.0,5517.950359012037,5517.950359012037,7604.806882362804,-2086.856523350767,81089.37741116447,320
2025-04-09,-57823.1683504492,39082.83184239584,0.0,-18740.33650805337,-18740.33650805337,-34362.9137077973,15622.57719974393,101703.75020021187,320
2025-04-10,21688.046072594647,-11039.683029994709,0.0,10648.363042599938,10648.363042599938,32996.009402330084,-22347.646359730148,84665.56155678131,320
2025-04-11,-18073.088247645184,15241.828768326515,0.0,-2831.2594793186704,-2831.2594793186704,-14313.337090223193,11482.07761090452,78243.5542252896,320
2025-04-14,8749.567705328278,-3332.11757118909,0.0,5417.450134139189,5417.450134139189,-14313.4341204368,19730.884254575987,59331.58856438883,309
2025-04-15,4494.052282661403,-6843.860727893999,0.0,-2349.8084452325943,-2349.8084452325943,-10372.625617808173,8022.817172575578,71277.38002824575,352
2025-04-16,7166.870187181816,2169.885110511883,0.0,9336.755297693699,9336.755297693699,13182.85422911591,-3846.0989314222115,80080.71173114915,354
2025-04-17,6720.983487107752,-10073.85338119615,0.0,-3352.8698940883996,-3352.8698940883996,-7733.7859139626125,4380.916019874215,88903.03417944691,353
2025-04-21,22917.30406966914,-12112.352533788713,0.0,10804.951535880424,10804.951535880424,9493.446401359452,1311.5051345209713,88840.35330241459,263
2025-04-22,-16279.667612193587,7910.257601686078,0.0,-8369.410010507507,-8369.410010507507,-12821.033407830142,4451.6233973226335,86185.21127405191,262
2025-04-23,-16306.791920307209,14812.192695765916,0.0,-1494.5992245412917,-1494.5992245412917,-1907.5618583898786,412.9626338485869,103531.35631166032,297
2025-04-24,-5688.615936181423,15815.69485205327,0.0,10127.078915871847,10127.078915871847,1317.3213406250431,8809.757575246804,110316.61591066515,337
2025-04-25,2212.835053913102,-6384.600203260312,0.0,-4171.765149347211,-4171.765149347211,-3127.32429664981,-1044.4408526974003,100228.30101747277,325
2025-04-28,3670.247790679429,-2264.5424788522355,0.0,1405.705311827193,1405.705311827193,-1547.2283530958255,2952.9336649230186,107622.05766471625,288
2025-04-29,23.10169329874647,-2252.7513471597676,0.0,-2229.6496538610213,-2229.6496538610213,-4251.581389486748,2021.9317356257263,101248.44483185117,288
2025-04-30,7077.099458371595,1548.2979446719335,0.0,8625.397403043527,8625.397403043527,4160.442485416077,4464.954917627451,94631.92192627616,288
2025-05-01,-10069.820820647228,3674.451541530463,0.0,-6395.369279116765,-6395.369279116765,-4380.317074410818,-2015.0522047059462,86883.61908029494,288
2025-05-02,6143.105717879973,-2704.1540589498213,0.0,3438.951658930152,3438.951658930152,-980.6195299163937,4419.571188846546,93152.30952405318,288
2025-05-05,-2340.4210660385397,1443.3245858267928,0.0,-897.0964802117471,-897.0964802117471,-3709.0580321739076,2811.9615519621607,82788.2715775249,275
2025-05-06,10691.27214594095,-6211.027966880946,0.0,4480.244179060003,4480.244179060003,2479.3493904167,2000.894788643303,80642.57326543477,275
2025-05-07,-6034.504711782073,547.8707927233307,0.0,-5486.633919058741,-5486.633919058741,-5839.662821113247,353.02890205450575,71437.39872594627,275
2025-05-08,-4277.298402661874,-454.9313118059482,0.0,-4732.229714467822,-4732.229714467822,1875.4197299202935,-6607.649444388116,82985.19698529113,286
2025-05-09,-17780.27532629088,7483.16381455981,0.0,-10297.111511731071,-10297.111511731071,-4983.330975465803,-5313.780536265267,74183.6794332346,286
2025-05-12,-20740.42629635292,5298.187404096283,0.0,-15442.238892256642,-15442.238892256642,5957.268248274741,-21399.50714053138,69620.00075103593,299
2025-05-13,57747.37477667723,-26738.44224570132,0.0,31008.932530975904,31008.932530975904,34081.36250548745,-3072.429974511545,58703.633955819976,299
2025-05-14,36229.0272424056,-37466.01630987608,0.0,-1236.9890674704811,-1236.9890674704811,4325.868015805394,-5562.857083275875,50425.53847452408,299
2025-05-15,-11539.746560669213,11037.307798777667,0.0,-502.43876189154867,-502.43876189154867,-5907.580047836994,5405.141285945446,64222.81479375969,297
2025-05-16,20465.42214462926,-6334.920265369549,0.0,14130.501879259713,14130.501879259713,7460.831279661166,6669.670599598547,75167.13256611898,296
2025-05-19,-7606.324956515946,7552.3860484990855,0.0,-53.93890801686038,-53.93890801686038,-1624.355316516401,1570.4164084995405,87244.53654227158,190
2025-05-20,-7149.686649833069,8099.989381303292,0.0,950.3027314702225,950.3027314702225,532.354960684419,417.94777078580364,104473.90616216126,241
2025-05-21,10028.731558738951,1248.9341705640513,0.0,11277.665729303004,11277.665729303004,4594.569326508779,6683.096402794224,119773.10345208868,296
2025-05-22,6741.551321380249,-4773.674062943064,0.0,1967.877258437185,1967.877258437185,-3239.638579258399,5207.515837695584,133023.82930050773,344
2025-05-23,-11947.30169186532,7474.962270818901,0.0,-4472.339421046418,-4472.339421046418,-1907.622633496148,-2564.7167875502696,143652.73327544294,397
2025-05-27,11577.392997214216,-11833.550755522894,0.0,-256.1577583086793,-256.1577583086793,-2460.352100002143,2204.194341693464,145065.88030955254,453
2025-05-28,-977.8099723808953,2161.165383908997,0.0,1183.3554115281013,1183.3554115281013,4042.093338593672,-2858.73792706557,157090.28171904435,502
2025-05-29,7098.510631454323,257.62100666083774,0.0,7356.131638115161,7356.131638115161,-6312.525461359482,13668.657099474642,168136.1664686552,553
2025-05-30,-49.04443452041414,4957.105583465112,0.0,4908.061148944698,4908.061148944698,4957.250484312715,-49.18933536801701,175340.38416297996,568
2025-06-02,-2019.9085450384555,148.44486684054942,0.0,-1871.4636781979063,-1871.4636781979063,-7283.87102430975,5412.407346111843,172110.71260593107,570
2025-06-03,12547.72488523848,-14753.965204022574,0.0,-2206.2403187840932,-2206.2403187840932,-1216.3839422843462,-989.856376499747,164190.35020389495,570
2025-06-04,2798.1696033530898,-636.2809658831328,0.0,2161.888637469957,2161.888637469957,350.22297448258837,1811.6656629873683,157706.07286663863,570
2025-06-05,-18228.273958054713,21099.68035842919,0.0,2871.4064003744747,2871.4064003744747,3707.646054081663,-836.2396537071883,148088.93885603076,570
2025-06-06,5645.7690562314965,-7867.33368203068,0.0,-2221.564625799183,-2221.564625799183,-5745.05843309969,3523.4938073005064,136374.26223689993,570
2025-06-09,-206.94011693681878,1463.5326291880808,0.0,1256.5925122512615,1256.5925122512615,-3205.927792151198,4462.520304402459,134640.3471002371,557
2025-06-10,-18826.663457382794,8935.543242194968,0.0,-9891.120215187826,-9891.120215187826,-810.2759766177833,-9080.844238570042,126432.9473619487,557
2025-06-11,1309.3065195268289,1158.0678153456483,0.0,2467.3743348724765,2467.3743348724765,-202.6167531706189,2669.9910880430957,118964.12444419312,557
2025-06-12,-15276.490459186192,9274.815028012144,0.0,-6001.67543117405,-6001.67543117405,-5144.271631256234,-857.4037999178156,123123.14110748064,596
2025-06-13,4034.9320022093652,2453.253589416726,0.0,6488.185591626092,6488.185591626092,7042.735377891004,-554.5497862649125,132854.09288465494,639
2025-06-16,7542.259124317284,-5035.012693137405,0.0,2507.246431179878,2507.246431179878,-478.46463523729045,2985.7110664171682,124811.25518853951,622
2025-06-17,5056.2685492614,-2529.3715478013787,0.0,2526.8970014600213,2526.8970014600213,3195.1416292188164,-668.2446277587957,132397.8953707897,660
2025-06-18,17200.65868910846,-5508.510816515712,0.0,11692.147872592746,11692.147872592746,6823.767834152409,4868.380038440338,134976.37870829436,706
2025-06-20,11417.285521382197,-5163.9294672526075,0.0,6253.35605412959,6253.35605412959,-2048.364141891213,8301.720196020802,132621.68402513876,732
2025-06-23,-2120.5693074717165,4388.8217854445675,0.0,2268.2524779728515,2268.2524779728515,-4342.48628614399,6610.738764116841,131881.5072649017,508
2025-06-24,18667.008446339285,-14739.396610093172,0.0,3927.611836246112,3927.611836246112,2011.7899164031078,1915.8219198430043,143587.7292418969,555
2025-06-25,29616.64454067915,-24020.48045401033,0.0,5596.164086668822,5596.164086668822,4005.968915075695,1590.195171593127,153296.22460850212,602
2025-06-26,26680.52186717084,-21448.805600359956,0.0,5231.716266810886,5231.716266810886,2420.650414517719,2811.065852293166,163295.0149135428,649
2025-06-27,-27478.85665065786,19416.470182362642,0.0,-8062.386468295221,-8062.386468295221,-679.9931802309719,-7382.393288064249,169528.40543356913,647
2025-06-30,13905.557064306771,-8868.852159382419,0.0,5036.7049049243515,5036.7049049243515,-2663.960353990817,7700.665258915169,169377.8121529312,614
2025-07-01,-24971.4718510498,21825.827714301984,0.0,-3145.6441367478164,-3145.6441367478164,6089.646147728027,-9235.290284475845,155652.0398076451,614
2025-07-02,10501.21910155983,-7278.9727549823565,0.0,3222.2463465774717,3222.2463465774717,7549.12298285648,-4326.876636279008,162283.083973863,625
2025-07-03,8549.897435211418,-8446.218883710502,0.0,103.67855150091505,103.67855150091505,-3684.980613770067,3788.6591652709817,171367.89135790942,636
2025-07-07,2303.4909898274122,-620.4141632056353,0.0,1683.0768266217767,1683.0768266217767,-2993.60324382174,4676.680070443516,173150.88043966625,637
2025-07-08,8823.618953773683,-10553.449448510233,0.0,-1729.8304947365511,-1729.8304947365511,-2348.9306358338977,619.1001410973462,160363.48843418813,637
2025-07-09,8129.392870397807,-5751.407540257532,0.0,2377.985330140276,2377.985330140276,-1528.9803363379422,3906.9656664782183,147877.91702107084,637
2025-07-10,-1471.4667128230392,7547.821707029268,0.0,6076.354994206229,6076.354994206229,6682.380661927514,-606.025667721284,153606.4284987711,672
2025-07-11,6271.253253132947,-6743.8588466781985,0.0,-472.60559354525014,-472.60559354525014,-1420.940304895027,948.3347113497767,162092.0009977556,707
2025-07-14,948.9562909627574,863.8569764412812,0.0,1812.8132674040385,1812.8132674040385,-1438.2942912155988,3251.107558619637,158217.6784063313,709
2025-07-15,13095.744008504902,-11703.208337655822,0.0,1392.535670849079,1392.535670849079,2297.2161383396715,-904.6804674905927,161275.1311589626,755
2025-07-16,8127.6715184545665,-4663.938964659867,0.0,3463.7325537946986,3463.7325537946986,-787.632819389107,4251.365373183805,165247.9276227619,799
2025-07-17,-3265.6001211277553,2588.2746282830312,0.0,-677.3254928447237,-677.3254928447237,-1468.0003675867947,790.6748747420712,167237.84349837175,839
2025-07-18,-9683.683036911481,10520.158459282266,0.0,836.4754223707828,836.4754223707828,-2866.3561876258414,3702.8316099966237,171949.9732364617,836
2025-07-21,7302.840419801509,-192.16869196473172,0.0,7110.671727836778,7110.671727836778,-1446.955837370813,8557.62756520759,169162.25272424123,575
2025-07-22,-13609.509436959424,3856.4649143282404,0.0,-9753.044522631184,-9753.044522631184,4515.64625672644,-14268.690779357625,175196.80721576017,619
2025-07-23,22951.207077289117,-21816.666475079186,0.0,1134.54060220993,1134.54060220993,4834.2256342890305,-3699.685032079101,180698.0809751634,660
2025-07-24,-43665.230942416936,9578.083813398724,0.0,-34087.14712901821,-34087.14712901821,-5271.714647897496,-28815.43248112071,174423.43415475404,684
2025-07-25,17609.99835416528,-9248.946145390963,0.0,8361.052208774321,8361.052208774321,-3294.90259980351,11655.954808577831,180941.45371124128,683
2025-07-28,8649.933704162073,-12623.862017473684,0.0,-3973.9283133116105,-3973.9283133116105,-643.0231965444328,-3330.9051167671773,180262.03412376583,655
2025-07-29,-4766.33689610645,6057.709315551733,0.0,1291.3724194452836,1291.3724194452836,4745.932363763154,-3454.5599443178708,188419.74027847234,668
2025-07-30,11441.493345446843,-5376.7330503276,0.0,6064.760295119243,6064.760295119243,4908.669360139182,1156.0909349800604,193138.00635058,681
2025-07-31,-32629.287821532213,-524.3271088074833,0.0,-33153.614930339696,-33153.614930339696,7199.031770101733,-40352.64670044144,193583.81155024713,694
2025-08-01,8889.821891571046,1544.486368690565,0.0,10434.30826026161,10434.30826026161,13783.026327303325,-3348.718067041715,199821.48712990654,696
2025-08-04,-6080.277005835715,3814.8914548818866,0.0,-2265.385550953828,-2265.385550953828,-11800.180005162274,9534.794454208446,190559.14224696258,686
2025-08-05,1011.4591373340671,-3668.3284207405404,0.0,-2656.8692834064727,-2656.8692834064727,-1280.8878492598794,-1375.9814341465935,205325.94429969756,697
2025-08-06,5737.027381364795,2.6356699140340267,0.0,5739.663051278829,5739.663051278829,-2878.1467829184394,8617.809834197269,208005.19591716144,708
2025-08-07,-6869.299837668509,-667.6317312994287,0.0,-7536.931568967938,-7536.931568967938,-185.12631922324266,-7351.805249744696,210459.54234677934,719
2025-08-08,-10452.110947021314,9540.589755556372,0.0,-911.5211914649439,-911.5211914649439,-2439.036435704782,1527.515244239838,210429.15576761847,695
2025-08-11,10748.350441980227,-10743.443761443417,0.0,4.906680536808867,4.906680536808867,-3746.2365730649,3751.1432536017082,199502.30452981387,656
2025-08-12,5080.323057793856,6197.382162579293,0.0,11277.70522037315,11277.70522037315,10073.107757654832,1204.5974627183177,183090.72934151717,635
2025-08-13,5620.504757101572,-5037.353195134434,0.0,583.151561967139,583.151561967139,2149.291901851521,-1566.140339884382,170851.5637523051,563
2025-08-14,3618.952371536221,-1519.1962561325986,0.0,2099.756115403623,2099.756115403623,-3399.710553722392,5499.466669126015,175848.80058563498,534
2025-08-15,2803.2841736657165,-7001.1640905570775,0.0,-4197.879916891361,-4197.879916891361,-2777.2098290070894,-1420.6700878842719,177404.7419015377,508
2025-08-18,7215.026011552277,-6149.827787454755,0.0,1065.1982240975224,1065.1982240975224,-6522.094624671183,7587.292848768705,174028.2707329113,338
2025-08-19,-980.4148682287039,2060.521230775553,0.0,1080.1063625468491,1080.1063625468491,6785.567029246511,-5705.460666699662,181711.08143695517,391
2025-08-20,9920.050288227772,-3292.8527994667097,0.0,6627.197488761061,6627.197488761061,-1852.871690537216,8480.069179298276,186927.785664589,427
2025-08-21,1251.7355480849315,1896.8967903203688,0.0,3148.6323384053,3148.6323384053,-741.6314443440502,3890.26378274935,192639.7081198101,474
2025-08-22,15720.091588549967,-1321.2644750059173,0.0,14398.82711354405,14398.82711354405,9197.822033413786,5201.005080130266,186656.7640881721,525
2025-08-25,-1276.5089784554582,1345.4144075331344,0.0,68.90542907767654,68.90542907767654,-4617.612884801499,4686.5183138791745,183877.50468647768,558
2025-08-26,10893.045876885928,-10244.960326915305,0.0,648.0855499706231,648.0855499706231,1732.4378049098225,-1084.3522549391994,194700.0521226829,607
2025-08-27,5752.235313317316,-1603.9114616189083,0.0,4148.3238516984065,4148.3238516984065,-582.022751194983,4730.34660289339,198250.671468921,645
2025-08-28,-1769.5614015719868,7167.8063498751235,0.0,5398.244948303136,5398.244948303136,-5527.030234025107,10925.275182328245,194524.00618476453,681
2025-08-29,-8211.050395471471,4540.544779052228,0.0,-3670.505616419244,-3670.505616419244,2.4586727741638716,-3672.964289193408,200496.96587693525,682
2025-09-02,-2007.5576284168433,-1072.3889464077715,0.0,-3079.9465748246143,-3079.9465748246143,-2474.270614457613,-605.6759603670012,186175.70026262692,671
2025-09-03,7089.2471503985,-3908.314796263031,0.0,3180.9323541354693,3180.9323541354693,1039.2599662579757,2141.6723878774933,174677.02185569057,671
2025-09-04,12487.672266188387,-6705.0116741848105,0.0,5782.660592003576,5782.660592003576,-2044.4166960393936,7827.0772880429695,180316.54740890276,671
2025-09-05,-7065.327702110229,-6490.782868569119,0.0,-13556.110570679348,-13556.110570679348,-590.8133439305959,-12965.297226748753,180315.8413896063,672
2025-09-08,873.6009421396284,1613.0777131198129,0.0,2486.678655259441,2486.678655259441,-3215.532222763702,5702.210878023143,174886.0360683945,650
2025-09-09,-2859.5242150885097,8053.207236875225,0.0,5193.683021786715,5193.683021786715,5778.8676103840235,-585.1845885973084,163625.48686734372,650
2025-09-10,-84105.48587859249,33850.73803045535,0.0,-50254.747848137136,-50254.747848137136,7850.022667759142,-58104.77051589628,147365.85082212402,650
2025-09-11,13449.805579715727,-16569.492479342833,0.0,-3119.686899627105,-3119.686899627105,-402.2544808306074,-2717.4324187964976,154852.08018521036,691
2025-09-12,25125.84086728273,-12724.406434036691,0.0,12401.434433246042,12401.434433246042,-2163.500238071772,14564.934671317815,157812.30825111558,730
2025-09-15,-7700.293878933953,6354.175701127444,0.0,-1346.1181778065104,-1346.1181778065104,1347.6249081802514,-2693.7430859867613,149282.77714813297,678
2025-09-16,2191.0226060122204,2415.536065787347,0.0,4606.5586717995675,4606.5586717995675,2880.3697559769635,1726.1889158226036,155897.57654003365,732
2025-09-17,17474.933976359993,-11382.532593775702,0.0,6092.401382584293,6092.401382584293,-986.0662629129445,7078.467645497237,162585.97050957783,786
2025-09-18,-620.4144936024055,-7097.299823421142,0.0,-7717.714317023547,-7717.714317023547,-618.8427674323582,-7098.871549591189,163175.1701762279,808
2025-09-19,8568.786769103594,388.44683372695164,0.0,8957.233602830545,8957.233602830545,-181.31041822843545,9138.54402105898,166575.04499440666,828
2025-09-22,3134.8384651903525,-2382.02350068851,0.0,752.814964501843,752.814964501843,37.05442329035358,715.7605412114892,163524.8188619832,627
2025-09-23,2290.8648703294652,-2099.939536190845,0.0,190.92533413862066,190.92533413862066,35.41783651383821,155.50749762478245,176926.4704757505,674
2025-09-24,16673.53666009223,-10385.106783283723,0.0,6288.429876808508,6288.429876808508,1282.8951841633868,5005.534692645121,188500.98879993684,723
2025-09-25,6744.859680051144,-8891.46714314177,0.0,-2146.607463090624,-2146.607463090624,3619.8187294507734,-5766.4261925413975,192869.04947012285,756
2025-09-26,6762.3547718222135,-8832.432624257597,0.0,-2070.0778524353846,-2070.0778524353846,-9222.492021011572,7152.414168576187,197779.31802052917,752
2025-09-29,4538.839139494275,1162.5001067918631,0.0,5701.3392462861375,5701.3392462861375,4100.721016432721,1600.618229853418,193302.3340385437,719
2025-09-30,12314.925288818782,-2667.4353135413744,0.0,9647.489975277407,9647.489975277407,5554.420190310614,4093.0697849667927,200408.55412902884,736
2025-10-01,4090.4484353247894,-745.5483850246746,0.0,3344.9000503001153,3344.9000503001153,6027.649382349766,-2682.749332049651,203288.92090580278,753
2025-10-02,12872.249022565293,-10345.442649656434,0.0,2526.8063729088594,2526.8063729088594,-958.4025276438828,3485.2089005527423,210505.05145856863,768
2025-10-03,-5834.049746177963,6373.315760326685,0.0,539.2660141487208,539.2660141487208,-123.86433288511655,663.1303470338373,217241.53037832383,772
2025-10-06,2914.0552418010643,-204.84196469172932,0.0,2709.213277109335,2709.213277109335,2539.0715575769223,170.1417195324128,211505.2741810408,765
2025-10-07,2561.8950633868094,480.8507297054365,0.0,3042.7457930922455,3042.7457930922455,877.8286673263023,2164.917125765943,200054.93979061747,765
2025-10-08,-6599.5920086515835,2592.8227862906633,0.0,-4006.7692223609197,-4006.7692223609197,-2538.7852561325085,-1467.9839662284112,204343.0068703877,776
2025-10-09,382.35410238961924,2418.6561619831155,0.0,2801.0102643727346,2801.0102643727346,-156.79862648016618,2957.8088908529007,211184.43281264039,787
2025-10-10,-10128.622788281606,7813.240613316909,0.0,-2315.382174964697,-2315.382174964697,23425.459016116823,-25740.841191081516,209236.77034065468,759
2025-10-13,-1035.3506413688006,3838.5777544415446,0.0,2803.2271130727445,2803.2271130727445,-14242.337776921464,17045.564889994206,202300.935144853,714
2025-10-14,10096.68760599772,-5050.459003835489,0.0,5046.228602162231,5046.228602162231,5031.0958259782365,15.13277618399497,192120.1355644274,688
2025-10-15,-10486.14929408949,262.20976657304954,0.0,-10223.93952751644,-10223.93952751644,-6537.314829141577,-3686.6246983748624,172991.34815764666,613
2025-10-16,-7406.625431362682,8907.499757127878,0.0,1500.8743257651963,1500.8743257651963,12503.441634361126,-11002.567308595932,179989.44195216254,574
2025-10-17,5934.0552290911255,-3117.7107648329575,0.0,2816.344464258167,2816.344464258167,-17703.1357675389,20519.480231797068,184265.2197115195,538
2025-10-20,222.50428923107702,7027.148921025606,0.0,7249.653210256683,7249.653210256683,-7713.131644595019,14962.784854851703,178995.94485989175,346
2025-10-21,13934.18545289977,-5941.199807113985,0.0,7992.985645785785,7992.985645785785,3885.541844757803,4107.443801027981,191201.23769433884,391
2025-10-22,5021.21430543236,-3658.1434529992034,0.0,1363.070852433156,1363.070852433156,-198.03273087186562,1561.1035833050214,199394.9057647464,423
2025-10-23,462.10444471983004,-7211.065541648341,0.0,-6748.961096928511,-6748.961096928511,-5942.108926198833,-806.8521707296791,200997.43838718682,459
2025-10-24,-4024.530374679536,4476.88329449448,0.0,452.35291981494225,452.35291981494225,-7168.324189096341,7620.677108911284,209624.13091882857,494
2025-10-27,-6622.661721502332,6924.8258076170205,0.0,302.1640861146882,302.1640861146882,-1503.0085252825506,1805.1726113972393,197500.00268861666,521
2025-10-28,13951.753463563504,-1440.7441292625663,0.0,12511.009334300936,12511.009334300936,5832.570323609995,6678.43901069094,202460.41872801728,564
2025-10-29,-12435.885189053382,18277.337712058485,0.0,5841.452523005099,5841.452523005099,21504.03206266201,-15662.57953965691,197714.7466011028,592
2025-10-30,-6744.380122415455,-13262.64155328037,0.0,-20007.021675695825,-20007.021675695825,-1110.7388671814088,-18896.282808514417,195589.35022891662,618
2025-10-31,-4582.118505805613,6632.335421570008,0.0,2050.2169157643957,2050.2169157643957,-7565.502483016097,9615.719398780493,199557.75394889075,616
2025-11-03,4584.952105669586,-3218.396501752403,0.0,1366.555603917183,1366.555603917183,-2713.1771612372595,4079.7327651544424,188027.82218215865,597
2025-11-04,26939.90303150571,-17562.153812285072,0.0,9377.749219220637,9377.749219220637,5909.9150652288,3467.834153991836,174395.75114250602,597
2025-11-05,-8451.588344516736,9729.283027850532,0.0,1277.6946833337954,1277.6946833337954,-6107.322114573863,7385.016797907659,164865.92806440627,597
2025-11-06,10646.996896794315,-4133.7616045607465,0.0,6513.235292233568,6513.235292233568,9792.854259266853,-3279.618967033285,166520.63349517822,597
2025-11-07,4604.5324030587135,-124.58392969817947,0.0,4479.948473360534,4479.948473360534,-5083.796492676225,9563.74496603676,158563.36633887477,586
2025-11-10,-819.9284985652627,5217.866306074167,0.0,4397.937807508904,4397.937807508904,-2077.785727134672,6475.723534643576,150032.08685046344,571
2025-11-11,-1769.2666774616075,-1739.142258902144,0.0,-3508.4089363637513,-3508.4089363637513,-5039.084729078968,1530.6757927152162,143275.00148075304,571
2025-11-12,6856.927298652507,-3652.7284052983982,0.0,3204.1988933541083,3204.1988933541083,-84.79528513699928,3288.9941784911075,133959.2691221503,571
2025-11-13,16561.4997674992,-16382.256140749343,0.0,179.2436267498577,179.2436267498577,4815.262564531311,-4636.018937781453,144414.46608853462,608
2025-11-14,-4166.039060296213,4080.8130973087195,0.0,-85.22596298749394,-85.22596298749394,-4875.236015573363,4790.01005258587,146277.72462605117,611
2025-11-17,-995.9479633144839,1150.692818165554,0.0,154.7448548510699,154.7448548510699,5262.480683146332,-5107.735828295263,136343.14529540727,600
2025-11-18,-1456.9688172065798,284.6108636335428,0.0,-1172.3579535730373,-1172.3579535730373,-1236.4361136962912,64.07816012325394,140306.67428959894,643
2025-11-19,-2153.7695564467363,5139.883781713119,0.0,2986.1142252663826,2986.1142252663826,2329.693600082904,656.4206251834783,148102.95359196627,669
2025-11-20,618.0319956357523,-4914.472981843217,0.0,-4296.440986207464,-4296.440986207464,4725.936742154068,-9022.377728361533,143090.48278331824,691
2025-11-21,28078.267094618113,-14908.696941472173,0.0,13169.57015314594,13169.57015314594,1561.9802754241775,11607.589877721763,154810.02316421948,707
2025-11-24,12041.408495634996,-10359.00051403602,0.0,1682.4079815989753,1682.4079815989753,-9265.395267455406,10947.803249054381,152990.69353960518,560
2025-11-25,2375.299047754008,-3949.2887874877865,0.0,-1573.9897397337786,-1573.9897397337786,818.7001138170159,-2392.689853550794,160928.47023552158,607
2025-11-26,-6282.997006009004,5498.709550848598,0.0,-784.287455160406,-784.287455160406,-8092.4848987124,7308.197443551995,170694.05989914836,642
2025-11-28,-2090.1273351788946,1594.46864299952,0.0,-495.65869217937467,-495.65869217937467,-7008.252226351282,6512.593534171907,174956.84291925162,680
2025-12-01,5166.499404578586,-8.243262759688566,0.0,5158.256141818897,5158.256141818897,538.783784146243,4619.472357672654,176412.49772333904,659
2025-12-02,-2649.8711579255482,4608.437583020493,0.0,1958.5664250949442,1958.5664250949442,-588.1821567829368,2546.748581877881,188856.16620392507,669
2025-12-03,1878.9913432274689,3265.520680363479,0.0,5144.512023590948,5144.512023590948,3525.4713481974077,1619.0406753935406,193237.9118386092,680
2025-12-04,-346.8671896016053,6740.639300613588,0.0,6393.772111011984,6393.772111011984,-1154.0354468738399,7547.8075578858225,193967.5610577954,690
2025-12-05,-6028.405746942637,9162.555354718721,0.0,3134.1496077760835,3134.1496077760835,1848.998738175118,1285.1508696009653,197751.93005774188,701
2025-12-08,-4890.094194787011,4792.511993279545,0.0,-97.58220150746519,-97.58220150746519,-1131.6001146089486,1034.0179131014834,192988.23003449422,692
2025-12-09,-5648.982696300781,6830.759795897427,0.0,1181.7770995966453,1181.7770995966453,-487.03782444931835,1668.8149240459636,179740.45746476486,692
2025-12-10,-10385.098670486599,7811.57371370315,0.0,-2573.5249567834503,-2573.5249567834503,1710.1683878831168,-4283.693344666567,160159.89700928735,692
2025-12-11,15827.97635116631,-11561.36667136514,0.0,4266.609679801168,4266.609679801168,411.710115704299,3854.8995640968687,171280.8222918002,731
2025-12-12,18774.504407756085,-20176.59074417527,0.0,-1402.0863364191857,-1402.0863364191857,-4794.081914502652,3391.9955780834666,177565.6148802325,772
2025-12-15,3713.2263396218823,1075.180030802609,0.0,4788.406370424491,4788.406370424491,-232.93226213801023,5021.338632562501,161132.4708667143,746
2025-12-16,15148.58817016986,-4583.099263643631,0.0,10565.488906526229,10565.488906526229,852.9196059579574,9712.569300568272,163998.18254751575,797
2025-12-17,-31064.538635110548,33986.28071186658,0.0,2921.742076756033,2921.742076756033,6012.378227824943,-3090.6361510689107,174955.92207458752,852
2025-12-18,13594.352500525325,-1331.0435560741928,0.0,12263.308944451132,12263.308944451132,-1986.290190348876,14249.599134800006,172814.48670508782,862
2025-12-19,-15121.784989770043,-6785.669068671872,0.0,-21907.454058441916,-21907.454058441916,-5394.10486620878,-16513.349192233134,159363.49565092413,873
2025-12-22,-17796.832141647836,19240.379181660708,0.0,1443.5470400128731,1443.5470400128731,-3989.1815976562984,5432.728637669172,157764.39416339068,648
2025-12-23,3437.6883178199887,-5801.225746026111,0.0,-2363.5374282061216,-2363.5374282061216,-2769.7525986396495,406.2151704335279,169736.42887522472,693
2025-12-24,7890.793038840618,-5910.172543240152,0.0,1980.620495600466,1980.620495600466,-1108.3989972809304,3089.019492881396,181503.13873331115,741
2025-12-26,14585.948094379046,-7108.184331608913,0.0,7477.7637627701315,7477.7637627701315,-2413.8198631475025,9891.583625917634,182971.81335634616,776
2025-12-29,-25718.885957964805,24800.743349459444,0.0,-918.1426085053589,-918.1426085053589,-8300.83148818631,7382.688879680951,183052.1935367908,744
2025-12-30,-555.1422586628938,-275.73754280621176,0.0,-830.8798014691052,-830.8798014691052,-4631.2012173442,3800.3214158750943,195776.61830148043,757
2025-12-31,16432.169647448874,-13723.92642786188,0.0,2708.243219586991,2708.243219586991,-3592.076851570811,6300.320071157802,204883.7304799943,770
