label,filters,holding_days,formation_days,names_per_side,days,mean_daily_pnl,t_stat_nw,daily_vol,sharpe_annual,total_pnl,max_drawdown,hit_rate,gross_pnl,spread_cost,break_even_spread_frac
30d expiry oi>=25 cost=0,vega>=5 & px>=10 & oi>=25,21,161,18.8,209,1147.9582400076515,2.2111438018796203,10977.79440174193,1.6600121522037468,239923.2721615992,91391.16353697689,0.6172248803827751,239923.2721615992,0.0,NaN
30d expiry oi>=25 cost=0.5,vega>=5 & px>=10 & oi>=25,21,161,18.8,209,-1654.4480803175559,-3.4456331234249804,11220.25492068905,-2.340726592325759,-345779.6487863693,340824.4634667809,0.4258373205741627,239923.2721615992,585702.9209479684,0.2048165235144124
30d expiry oi>=25 no-earn cost=0,vega>=5 & px>=10 & oi>=25 & no_earnings_in_life,21,102,19.2,207,1865.7018423549475,2.534223165031719,10700.956573308264,2.7677057064853643,386200.2813674739,130192.67663313879,0.6618357487922706,386200.281367474,0.0,NaN
30d expiry oi>=25 no-earn cost=0.5,vega>=5 & px>=10 & oi>=25 & no_earnings_in_life,21,102,19.2,207,-1345.0562969167825,-2.3372244905624804,10844.391923835476,-1.9689538072861985,-278426.653461774,278575.54565731075,0.463768115942029,386200.281367474,664626.9348292479,0.290539143938467
30d expiry oi>=100 cost=0,vega>=5 & px>=10 & oi>=100,21,97,17.4,201,1282.0014618037476,2.1243323236514975,11490.843883754924,1.7710746483028252,257682.29382255313,93387.68447305445,0.5621890547263682,257682.29382255313,0.0,NaN
30d expiry oi>=100 cost=0.5,vega>=5 & px>=10 & oi>=100,21,97,17.4,201,-1460.632918056022,-2.9277745295556237,11527.1610590344,-2.01149516596823,-293587.2165292604,320011.0156138115,0.4228855721393035,257682.29382255313,551269.5103518134,0.23371716463885647
30d expiry oi>=100 no-earn cost=0,vega>=5 & px>=10 & oi>=100 & no_earnings_in_life,21,77,15.3,184,1512.4692045540296,2.473698933361784,10778.917360737092,2.2274690009980747,278294.33363794134,82060.9454780649,0.6086956521739131,278294.33363794134,0.0,NaN
30d expiry oi>=100 no-earn cost=0.5,vega>=5 & px>=10 & oi>=100 & no_earnings_in_life,21,77,15.3,184,-1411.6162730756068,-2.845956899349586,11268.425372065909,-1.9886286585178017,-259737.3942459115,264909.71072344616,0.4673913043478261,278294.33363794134,538031.7278838529,0.25862260459295616
30d expiry oi>=250 cost=0,vega>=5 & px>=10 & oi>=250,21,76,12.9,201,848.0087654321435,0.8836136902398994,14278.547806143884,0.9427934829496973,170449.76185186076,158955.5992682506,0.527363184079602,170449.76185186073,0.0,NaN
30d expiry oi>=250 cost=0.5,vega>=5 & px>=10 & oi>=250,21,76,12.9,201,-1508.3029067266389,-1.6502785585610475,14330.679474934199,-1.6707907255623808,-303168.8842520544,368248.7071937689,0.4079601990049751,170449.76185186073,473618.64610391506,0.1799440998090085
30d expiry oi>=250 no-earn cost=0,vega>=5 & px>=10 & oi>=250 & no_earnings_in_life,21,58,11.7,168,766.2393237046485,0.8320760189129591,11894.574509029932,1.022623563579403,128728.206382381,131492.56143016915,0.5535714285714286,128728.20638238089,0.0,NaN
30d expiry oi>=250 no-earn cost=0.5,vega>=5 & px>=10 & oi>=250 & no_earnings_in_life,21,58,11.7,168,-1655.1401390095218,-2.17057254218334,12176.368358717962,-2.1578301824179413,-278063.5433535995,293081.3961181229,0.42857142857142855,128728.20638238089,406791.7497359805,0.15822371823657827
60d expiry oi>=25 cost=0,vega>=5 & px>=10 & oi>=25,21,169,27.1,206,642.8834571514258,2.061482133161453,5515.854567735012,1.8502044193510017,132433.9921731938,43385.20449684511,0.5970873786407767,132433.99217319372,0.0,NaN
60d expiry oi>=25 cost=0.5,vega>=5 & px>=10 & oi>=25,21,169,27.1,206,-449.850332480445,-1.4068815053063681,5585.882461924844,-1.2784287335679276,-92669.16849097172,129609.61058740913,0.49029126213592233,132433.99217319372,225103.16066416545,0.2941628891003753
60d expiry oi>=25 no-earn cost=0,vega>=5 & px>=10 & oi>=25 & no_earnings_in_life,21,82,19.2,171,1067.6598711122692,4.231302612842347,4629.134983354343,3.6612833895625205,182569.8379601979,21177.31236638868,0.5614035087719298,182569.837960198,0.0,NaN
60d expiry oi>=25 no-earn cost=0.5,vega>=5 & px>=10 & oi>=25 & no_earnings_in_life,21,82,19.2,171,-89.38935555870094,-0.23976596045644083,4784.955690127529,-0.29655698398956154,-15285.57980053787,57760.87245783267,0.4444444444444444,182569.837960198,197855.41776073584,0.46137184421448973
60d expiry oi>=100 cost=0,vega>=5 & px>=10 & oi>=100,21,163,20.3,206,796.4105195995414,2.4761426836059917,6542.755880814969,1.9323088448597199,164060.5670375056,41481.585471956496,0.587378640776699,164060.5670375056,0.0,NaN
60d expiry oi>=100 cost=0.5,vega>=5 & px>=10 & oi>=100,21,163,20.3,206,-139.9966742145299,-0.4364751229283158,6572.18764770888,-0.33814894297203896,-28839.3148881932,94464.87398927513,0.46601941747572817,164060.5670375056,192899.88192569878,0.42524797164131617
60d expiry oi>=100 no-earn cost=0,vega>=5 & px>=10 & oi>=100 & no_earnings_in_life,21,72,15.0,169,1290.0209348392546,3.6993449455888716,5678.860655245456,3.6060838117228338,218013.5379878339,20396.893960431946,0.5621301775147929,218013.53798783402,0.0,NaN
60d expiry oi>=100 no-earn cost=0.5,vega>=5 & px>=10 & oi>=100 & no_earnings_in_life,21,72,15.0,169,344.52859835887386,0.7474934504817978,5872.065193401054,0.9313966662001053,58225.33312264976,60410.450646077654,0.47337278106508873,218013.53798783402,159788.20486518435,0.682195341551572
60d expiry oi>=250 cost=0,vega>=5 & px>=10 & oi>=250,21,161,14.5,206,676.9529844298343,1.5197513401713836,7425.89534359202,1.4471380189567524,139452.3147925458,65420.06013005544,0.5825242718446602,139452.3147925459,0.0,NaN
60d expiry oi>=250 cost=0.5,vega>=5 & px>=10 & oi>=250,21,161,14.5,206,-120.08370229048074,-0.28141814442622165,7443.967336285411,-0.2560824880763673,-24737.242671839023,120276.61788047223,0.49029126213592233,139452.3147925459,164189.55746438494,0.42466864807402593
60d expiry oi>=250 no-earn cost=0,vega>=5 & px>=10 & oi>=250 & no_earnings_in_life,21,66,11.2,164,1401.5279215713135,2.8141387544976504,7066.7566187967695,3.148341907908211,229850.5791376957,33897.3342295234,0.573170731707317,229850.57913769543,0.0,NaN
60d expiry oi>=250 no-earn cost=0.5,vega>=5 & px>=10 & oi>=250 & no_earnings_in_life,21,66,11.2,164,610.4694665767306,1.0748651608687767,7204.899992694845,1.3450432843186537,100116.99251858381,53958.16018055781,0.4695121951219512,229850.57913769543,129733.58661911165,0.8858561037571557
90d expiry oi>=25 cost=0,vega>=5 & px>=10 & oi>=25,21,211,25.8,211,262.07257104830535,1.8331352450568406,3621.9801878184485,1.1486184006921645,55297.31249119246,21758.534890643896,0.5734597156398105,55297.31249119248,0.0,NaN
90d expiry oi>=25 cost=0.5,vega>=5 & px>=10 & oi>=25,21,211,25.8,211,-491.4321888751393,-2.9814354688731535,3673.3625977454835,-2.1237337563360725,-103692.1918526544,108604.2180264129,0.4218009478672986,55297.31249119248,158989.50434384687,0.17390239915334565
90d expiry oi>=25 no-earn cost=0,vega>=5 & px>=10 & oi>=25 & no_earnings_in_life,21,33,10.4,165,941.3064061231219,2.758569084612698,6506.722315899574,2.2965135475612506,155315.557010315,34509.81594984271,0.5757575757575758,155315.55701031504,0.0,NaN
90d expiry oi>=25 no-earn cost=0.5,vega>=5 & px>=10 & oi>=25 & no_earnings_in_life,21,33,10.4,165,-77.38924405676966,-0.16559434435810666,6828.156015532719,-0.17991917008901692,-12769.225269366949,73402.61596547111,0.4909090909090909,155315.55701031504,168084.78227968203,0.4620155224756759
90d expiry oi>=100 cost=0,vega>=5 & px>=10 & oi>=100,21,211,18.6,211,213.66309139725013,1.2072860358581996,4319.092697640808,0.7853029936113686,45082.912284819766,31651.159912048242,0.5260663507109005,45082.91228481979,0.0,NaN
90d expiry oi>=100 cost=0.5,vega>=5 & px>=10 & oi>=100,21,211,18.6,211,-430.4387093576212,-2.2359479245774647,4351.765348401001,-1.5701679963525508,-90822.56767445809,96250.56400021736,0.4312796208530806,45082.91228481979,135905.4799592779,0.16586127468269943
90d expiry oi>=100 no-earn cost=0,vega>=5 & px>=10 & oi>=100 & no_earnings_in_life,21,25,8.1,160,1251.936348432918,2.8698178544687027,6807.604182881911,2.9193638286710013,200309.81574926688,41002.979537747684,0.55,200309.8157492669,0.0,NaN
90d expiry oi>=100 no-earn cost=0.5,vega>=5 & px>=10 & oi>=100 & no_earnings_in_life,21,25,8.1,160,369.0042325258735,0.8337268325738971,7105.433633005137,0.8244057849970832,59040.67720413976,86394.44979610736,0.4875,200309.8157492669,141269.13854512715,0.7089652340637717
90d expiry oi>=250 cost=0,vega>=5 & px>=10 & oi>=250,21,209,12.9,209,170.90582739137275,0.7355316365566036,4726.571947081613,0.5739986467382494,35719.31792479691,49050.758758887576,0.5358851674641149,35719.31792479692,0.0,NaN
90d expiry oi>=250 cost=0.5,vega>=5 & px>=10 & oi>=250,21,209,12.9,209,-413.5513641143323,-1.767384930418573,4757.176967913085,-1.3800042392932501,-86432.23509989554,91954.9774738187,0.44019138755980863,35719.31792479692,122151.55302469234,0.14620902084468967
90d expiry oi>=250 no-earn cost=0,vega>=5 & px>=10 & oi>=250 & no_earnings_in_life,21,12,7.5,152,231.63464343936653,0.40402921523164065,8452.836966745172,0.43501205380777475,35208.46580278375,106488.18597531632,0.506578947368421,35208.46580278373,0.0,NaN
90d expiry oi>=250 no-earn cost=0.5,vega>=5 & px>=10 & oi>=250 & no_earnings_in_life,21,12,7.5,152,-599.658576270485,-1.0906877259689025,8710.221579561077,-1.0928866388990603,-91148.10359311374,158667.8822230273,0.47368421052631576,35208.46580278373,126356.56939589744,0.13932186498538665
120d expiry oi>=25 cost=0,vega>=5 & px>=10 & oi>=25,21,210,22.5,211,371.66637892170843,2.096484110929073,3092.910902025173,1.90759483307496,78421.6059524805,20823.993377883176,0.5829383886255924,78421.60595248052,0.0,NaN
120d expiry oi>=25 cost=0.5,vega>=5 & px>=10 & oi>=25,21,210,22.5,211,-227.94417862610428,-1.1545819271007332,3130.730481083126,-1.155801075359723,-48096.221690107996,54711.78287134723,0.41706161137440756,78421.60595248052,126517.82764258856,0.3099231444837192
120d expiry oi>=100 cost=0,vega>=5 & px>=10 & oi>=100,21,204,15.8,211,412.9600104113386,2.4619083015810537,3409.136150006982,1.9229319819816673,87134.5621967925,22005.78799466161,0.5687203791469194,87134.56219679248,0.0,NaN
120d expiry oi>=100 cost=0.5,vega>=5 & px>=10 & oi>=100,21,204,15.8,211,-134.20231112421817,-0.7445987829485955,3436.310910750791,-0.6199659166356764,-28316.68764721005,40398.62740147966,0.44075829383886256,87134.56219679248,115451.24984400251,0.3773651749744092
120d expiry oi>=250 cost=0,vega>=5 & px>=10 & oi>=250,21,166,11.7,211,359.7551614895491,2.128794868593044,3735.3147695929238,1.5289035846533887,75908.33907429491,26730.30264039129,0.5308056872037915,75908.33907429493,0.0,NaN
120d expiry oi>=250 cost=0.5,vega>=5 & px>=10 & oi>=250,21,166,11.7,211,-96.8049771615767,-0.6518351260960599,3733.8319866332617,-0.4115695020446174,-20425.850181092705,40360.23337557037,0.41706161137440756,75908.33907429493,96334.18925538758,0.39398441851759125
